Game Turn, Player, City, Food Adv., Prod. Adv., Construct, Order Source
5, 2, LOC_CITY_NAME_HALEP, , CONTRACT 130, SUBMITTED, NO_UNIT, BUILDING_MONUMENT, NO_DISTRICT, VALUE 60.0, Build City Building
5, 6, LOC_CITY_NAME_ULM, 3.79, -1.39, , YIELD_FOOD: 0.1, YIELD_PRODUCTION: -0.1, YIELD_GOLD: 0.0, YIELD_SCIENCE: 0.0, YIELD_CULTURE: 0.0, YIELD_FAITH: 0.0, , 
5, 6, LOC_CITY_NAME_ULM, , , BUILDING_LYCEUM, Default Specialization, , , Value 43.5
5, 7, LOC_CITY_NAME_AKSU, -0.29, -4.16, , YIELD_FOOD: 0.0, YIELD_PRODUCTION: -0.1, YIELD_GOLD: 0.1, YIELD_SCIENCE: 0.0, YIELD_CULTURE: 0.0, YIELD_FAITH: 0.0, , 
5, 7, LOC_CITY_NAME_AKSU, , , BUILDING_LYCEUM, Default Specialization, , , Value 32.6
5, 8, LOC_CITY_NAME_ROME, , , UNIT_SLINGER, Build Trigger Unit, CONTRACT 126
5, 8, LOC_CITY_NAME_ROME, , CONTRACT 136, SUBMITTED, UNIT_BUILDER, NO_BUILDING, NO_DISTRICT, VALUE 122.0, Build City Improvement
5, 9, LOC_CITY_NAME_URUK, , , BUILDING_LYCEUM, Default Specialization, , , Value 135.0
5, 9, LOC_CITY_NAME_URUK, , CONTRACT 138, SUBMITTED, UNIT_SLINGER, NO_BUILDING, NO_DISTRICT, VALUE 44.0, Build Trigger Unit
6, 1, PURCHASE, , , UNIT_SLINGER, Build Trigger Unit, CONTRACT 10
6, 1, LOC_CITY_NAME_MBANZA_NSUNDI, 4.05, 0.69, , YIELD_FOOD: 0.1, YIELD_PRODUCTION: 0.0, YIELD_GOLD: 0.0, YIELD_SCIENCE: 0.0, YIELD_CULTURE: -0.1, YIELD_FAITH: 0.0, , 
6, 1, LOC_CITY_NAME_MBANZA_NSUNDI, , , BUILDING_MONUMENT, Default Specialization, , , Value 84.6
6, 2, PURCHASE, , , UNIT_SLINGER, Build Trigger Unit, CONTRACT 15
6, 2, LOC_CITY_NAME_HALEP, , , BUILDING_MONUMENT, Build City Building, CONTRACT 130
6, 3, LOC_CITY_NAME_KERMA, -0.80, -0.23, , YIELD_FOOD: 0.0, YIELD_PRODUCTION: 0.0, YIELD_GOLD: 0.1, YIELD_SCIENCE: 0.0, YIELD_CULTURE: -0.1, YIELD_FAITH: 0.0, , 
6, 3, LOC_CITY_NAME_KERMA, , , BUILDING_LYCEUM, Default Specialization, , , Value 63.3
6, 6, LOC_CITY_NAME_ULM, , CONTRACT 142, SUBMITTED, NO_UNIT, BUILDING_MONUMENT, NO_DISTRICT, VALUE 65.0, Build City Building
6, 7, LOC_CITY_NAME_AKSU, , CONTRACT 145, SUBMITTED, NO_UNIT, BUILDING_MONUMENT, NO_DISTRICT, VALUE 60.0, Build City Building
6, 8, LOC_CITY_NAME_OSTIA, -2.59, -0.23, , YIELD_FOOD: -0.1, YIELD_PRODUCTION: 0.0, YIELD_GOLD: 0.1, YIELD_SCIENCE: 0.0, YIELD_CULTURE: 0.0, YIELD_FAITH: 0.0, , 
6, 8, LOC_CITY_NAME_OSTIA, , , BUILDING_LYCEUM, Default Specialization, , , Value 80.1
7, 1, LOC_CITY_NAME_MBUMBI, , CONTRACT 11, COMPLETED, NO_UNIT, BUILDING_LYCEUM, NO_DISTRICT, VALUE 126.8, Build City Building
7, 1, LOC_CITY_NAME_MBUMBI, , , BUILDING_MONUMENT, Default Specialization, , , Value 156.1
7, 1, LOC_CITY_NAME_MBANZA_NSUNDI, , CONTRACT 150, SUBMITTED, NO_UNIT, BUILDING_LYCEUM, NO_DISTRICT, VALUE 86.0, Build City Building
7, 2, LOC_CITY_NAME_ISTANBUL, , CONTRACT 17, COMPLETED, NO_UNIT, BUILDING_LYCEUM, NO_DISTRICT, VALUE 126.8, Build City Building
7, 2, LOC_CITY_NAME_ISTANBUL, , , UNIT_SCOUT, Default Specialization, , , Value 100.8
7, 5, LOC_CITY_NAME_BUDA, , CONTRACT 23, COMPLETED, UNIT_SLINGER, NO_BUILDING, NO_DISTRICT, VALUE 46.0, Build Trigger Unit
7, 5, LOC_CITY_NAME_BUDA, , , BUILDING_LYCEUM, Default Specialization, , , Value 117.6
7, 6, LOC_CITY_NAME_AACHEN, , CONTRACT 30, COMPLETED, NO_UNIT, BUILDING_LYCEUM, NO_DISTRICT, VALUE 126.8, Build City Building
7, 6, LOC_CITY_NAME_AACHEN, , , UNIT_SLINGER, Build Trigger Unit, CONTRACT 29
7, 6, LOC_CITY_NAME_ULM, , , BUILDING_MONUMENT, Build City Building, CONTRACT 142
7, 7, LOC_CITY_NAME_AKSU, , , BUILDING_MONUMENT, Build City Building, CONTRACT 145
7, 8, LOC_CITY_NAME_ROME, , CONTRACT 126, COMPLETED, UNIT_SLINGER, NO_BUILDING, NO_DISTRICT, VALUE 73.0, Build Trigger Unit
7, 8, LOC_CITY_NAME_ROME, , CONTRACT 136, CANCELLED, UNIT_BUILDER, NO_BUILDING, NO_DISTRICT, VALUE 122.0, Build City Improvement
7, 8, LOC_CITY_NAME_ROME, , , BUILDING_LYCEUM, Default Specialization, , , Value 162.3
7, 23, LOC_CITY_NAME_GRANADA, , CONTRACT 84, COMPLETED, UNIT_BUILDER, NO_BUILDING, NO_DISTRICT, VALUE 190.0, Build City Improvement
7, 23, LOC_CITY_NAME_GRANADA, , , BUILDING_MONUMENT, Build City Building, CONTRACT 81
8, 1, LOC_CITY_NAME_MBANZA_NSUNDI, , , BUILDING_LYCEUM, Build City Building, CONTRACT 150
8, 4, LOC_CITY_NAME_ANGKOR_THOM, , CONTRACT 21, COMPLETED, NO_UNIT, BUILDING_LYCEUM, NO_DISTRICT, VALUE 184.5, Build City Building
8, 4, LOC_CITY_NAME_ANGKOR_THOM, , , UNIT_SLINGER, Build Trigger Unit, CONTRACT 20
8, 7, LOC_CITY_NAME_QARAQORUM, , CONTRACT 34, COMPLETED, NO_UNIT, BUILDING_LYCEUM, NO_DISTRICT, VALUE 184.5, Build City Building
8, 7, LOC_CITY_NAME_QARAQORUM, , , UNIT_SLINGER, Build Trigger Unit, CONTRACT 33
8, 9, LOC_CITY_NAME_BAD_TIBIRA, -4.63, -1.16, , YIELD_FOOD: -0.1, YIELD_PRODUCTION: 0.0, YIELD_GOLD: 0.0, YIELD_SCIENCE: 0.1, YIELD_CULTURE: 0.0, YIELD_FAITH: 0.0, , 
8, 9, LOC_CITY_NAME_BAD_TIBIRA, , , BUILDING_LYCEUM, Default Specialization, , , Value 67.2
8, 10, LOC_CITY_NAME_MEXICO_CITY, , CONTRACT 39, COMPLETED, UNIT_BUILDER, NO_BUILDING, NO_DISTRICT, VALUE 45.0, Build City Improvement
8, 10, LOC_CITY_NAME_MEXICO_CITY, , , BUILDING_MONUMENT, Build City Building, CONTRACT 37
9, 2, LOC_CITY_NAME_ISTANBUL, , , BUILDING_MONUMENT, Default Specialization, , , Value 103.4
9, 3, LOC_CITY_NAME_MEROE, , CONTRACT 111, COMPLETED, NO_UNIT, BUILDING_LYCEUM, NO_DISTRICT, VALUE 184.5, Build City Building
9, 3, LOC_CITY_NAME_MEROE, , , UNIT_SLINGER, Build Trigger Unit, CONTRACT 110
9, 6, LOC_CITY_NAME_AACHEN, , CONTRACT 29, COMPLETED, UNIT_SLINGER, NO_BUILDING, NO_DISTRICT, VALUE 60.0, Build Trigger Unit
9, 6, LOC_CITY_NAME_AACHEN, , , BUILDING_MONUMENT, Default Specialization, , , Value 103.4
9, 9, LOC_CITY_NAME_URUK, , , UNIT_SUMERIAN_WAR_CART, Default Specialization, , , Value 113.2
9, 9, LOC_CITY_NAME_URUK, , CONTRACT 190, SUBMITTED, NO_UNIT, BUILDING_GREAT_BATH, NO_DISTRICT, VALUE 406.0, Seek Target Wonder
9, 9, LOC_CITY_NAME_BAD_TIBIRA, , CONTRACT 191, SUBMITTED, UNIT_SUMERIAN_WAR_CART, NO_BUILDING, NO_DISTRICT, VALUE 80.0, Build City Building
9, 11, LOC_CITY_NAME_NAN_MADOL, , CONTRACT 42, COMPLETED, UNIT_BUILDER, NO_BUILDING, NO_DISTRICT, VALUE 45.0, Build City Improvement
9, 11, LOC_CITY_NAME_NAN_MADOL, , , BUILDING_LYCEUM, Default Specialization, , , Value 54.4
9, 11, LOC_CITY_NAME_NAN_MADOL, , CONTRACT 194, SUBMITTED, NO_UNIT, BUILDING_LYCEUM, NO_DISTRICT, VALUE 54.0, Build City Building
9, 13, LOC_CITY_NAME_AKKAD, , CONTRACT 195, SUBMITTED, NO_UNIT, BUILDING_MONUMENT, NO_DISTRICT, VALUE 46.0, Build City Building
9, 14, LOC_CITY_NAME_BANDAR_BRUNEI, , CONTRACT 196, SUBMITTED, NO_UNIT, BUILDING_MONUMENT, NO_DISTRICT, VALUE 42.0, Build City Building
9, 15, LOC_CITY_NAME_VALLETTA, , CONTRACT 197, SUBMITTED, NO_UNIT, BUILDING_MONUMENT, NO_DISTRICT, VALUE 40.0, Build City Building
9, 16, LOC_CITY_NAME_BABYLON, , CONTRACT 198, SUBMITTED, NO_UNIT, BUILDING_MONUMENT, NO_DISTRICT, VALUE 40.0, Build City Building
9, 17, LOC_CITY_NAME_GENEVA, , CONTRACT 199, SUBMITTED, NO_UNIT, BUILDING_MONUMENT, NO_DISTRICT, VALUE 46.0, Build City Building
9, 18, LOC_CITY_NAME_ANTIOCH, , CONTRACT 200, SUBMITTED, NO_UNIT, BUILDING_MONUMENT, NO_DISTRICT, VALUE 50.0, Build City Building
9, 19, LOC_CITY_NAME_LA_VENTA, , CONTRACT 201, SUBMITTED, NO_UNIT, BUILDING_MONUMENT, NO_DISTRICT, VALUE 46.0, Build City Building
9, 20, LOC_CITY_NAME_CAHOKIA, , CONTRACT 202, SUBMITTED, NO_UNIT, BUILDING_GRANARY, NO_DISTRICT, VALUE 48.0, Build City Building
9, 21, LOC_CITY_NAME_ANTANANARIVO, , CONTRACT 203, SUBMITTED, NO_UNIT, BUILDING_MONUMENT, NO_DISTRICT, VALUE 40.0, Build City Building
9, 22, LOC_CITY_NAME_VILNIUS, , CONTRACT 204, SUBMITTED, NO_UNIT, BUILDING_MONUMENT, NO_DISTRICT, VALUE 42.0, Build City Building
9, 24, LOC_CITY_NAME_KABUL, , CONTRACT 88, COMPLETED, UNIT_BUILDER, NO_BUILDING, NO_DISTRICT, VALUE 45.0, Build City Improvement
9, 24, LOC_CITY_NAME_KABUL, , , BUILDING_LYCEUM, Default Specialization, , , Value 54.4
9, 24, LOC_CITY_NAME_KABUL, , CONTRACT 205, SUBMITTED, NO_UNIT, BUILDING_LYCEUM, NO_DISTRICT, VALUE 54.0, Build City Building
9, 25, LOC_CITY_NAME_ZANZIBAR, , CONTRACT 206, SUBMITTED, NO_UNIT, BUILDING_MONUMENT, NO_DISTRICT, VALUE 42.0, Build City Building
9, 26, LOC_CITY_NAME_MOHENJO_DARO, , CONTRACT 207, SUBMITTED, NO_UNIT, BUILDING_MONUMENT, NO_DISTRICT, VALUE 44.0, Build City Building
9, 28, LOC_CITY_NAME_KANDY, , CONTRACT 208, SUBMITTED, NO_UNIT, BUILDING_MONUMENT, NO_DISTRICT, VALUE 42.0, Build City Building
9, 30, LOC_CITY_NAME_HONG_KONG, , CONTRACT 209, SUBMITTED, NO_UNIT, BUILDING_MONUMENT, NO_DISTRICT, VALUE 46.0, Build City Building
9, 31, LOC_CITY_NAME_BRUSSELS, , CONTRACT 210, SUBMITTED, NO_UNIT, BUILDING_GRANARY, NO_DISTRICT, VALUE 72.0, Build City Building
10, 1, LOC_CITY_NAME_MBUMBI, , , BUILDING_GRANARY, Default Specialization, , , Value 79.9
10, 2, LOC_CITY_NAME_ISTANBUL, , CONTRACT 211, SUBMITTED, UNIT_BUILDER, NO_BUILDING, NO_DISTRICT, VALUE 48.0, Build City Improvement
10, 2, LOC_CITY_NAME_HALEP, , CONTRACT 211, SUBMITTED, UNIT_BUILDER, NO_BUILDING, NO_DISTRICT, VALUE 48.0, Build City Improvement
10, 2, LOC_CITY_NAME_ISTANBUL, , CONTRACT 212, SUBMITTED, NO_UNIT, NO_BUILDING, DISTRICT_HOLY_SITE, VALUE 343.0, Build City District
10, 2, LOC_CITY_NAME_ISTANBUL, , CONTRACT 213, SUBMITTED, NO_UNIT, BUILDING_STONEHENGE, NO_DISTRICT, VALUE 740.0, Seek Target Wonder
10, 2, LOC_CITY_NAME_HALEP, , CONTRACT 214, SUBMITTED, NO_UNIT, NO_BUILDING, DISTRICT_HOLY_SITE, VALUE 278.0, Build City District
10, 2, LOC_CITY_NAME_HALEP, , CONTRACT 215, SUBMITTED, NO_UNIT, BUILDING_STONEHENGE, NO_DISTRICT, VALUE 556.0, Seek Target Wonder
10, 4, LOC_CITY_NAME_ANGKOR_THOM, , CONTRACT 218, SUBMITTED, NO_UNIT, NO_BUILDING, DISTRICT_HOLY_SITE, VALUE 588.0, Build City District
10, 5, LOC_CITY_NAME_BUDA, , , BUILDING_MONUMENT, Default Specialization, , , Value 103.4
10, 6, LOC_CITY_NAME_HEIDELBERG, -0.29, 0.69, , YIELD_FOOD: 0.0, YIELD_PRODUCTION: 0.1, YIELD_GOLD: -0.1, YIELD_SCIENCE: 0.0, YIELD_CULTURE: 0.0, YIELD_FAITH: 0.0, , 
10, 6, LOC_CITY_NAME_HEIDELBERG, , , BUILDING_LYCEUM, Default Specialization, , , Value 62.6
10, 7, LOC_CITY_NAME_QARAQORUM, , CONTRACT 33, COMPLETED, UNIT_SLINGER, NO_BUILDING, NO_DISTRICT, VALUE 88.0, Build Trigger Unit
10, 7, LOC_CITY_NAME_QARAQORUM, , , BUILDING_MONUMENT, Default Specialization, , , Value 100.8
10, 7, LOC_CITY_NAME_URUMQI, -1.57, -3.93, , YIELD_FOOD: 0.0, YIELD_PRODUCTION: -0.1, YIELD_GOLD: 0.1, YIELD_SCIENCE: 0.0, YIELD_CULTURE: 0.0, YIELD_FAITH: 0.0, , 
10, 7, LOC_CITY_NAME_URUMQI, , , BUILDING_LYCEUM, Default Specialization, , , Value 63.3
10, 9, LOC_CITY_NAME_BAD_TIBIRA, , , UNIT_SUMERIAN_WAR_CART, Build City Building, CONTRACT 191
10, 9, LOC_CITY_NAME_URUK, , CONTRACT 219, SUBMITTED, UNIT_SUMERIAN_WAR_CART, NO_BUILDING, NO_DISTRICT, VALUE 116.0, Build City Building
11, 1, LOC_CITY_NAME_KWILA, 2.00, 1.16, , YIELD_FOOD: 0.1, YIELD_PRODUCTION: 0.0, YIELD_GOLD: 0.0, YIELD_SCIENCE: 0.0, YIELD_CULTURE: -0.1, YIELD_FAITH: 0.0, , 
11, 1, LOC_CITY_NAME_KWILA, , , BUILDING_MONUMENT, Default Specialization, , , Value 52.8
11, 3, LOC_CITY_NAME_MEROE, , CONTRACT 110, COMPLETED, UNIT_SLINGER, NO_BUILDING, NO_DISTRICT, VALUE 60.0, Build Trigger Unit
11, 3, LOC_CITY_NAME_MEROE, , , BUILDING_MONUMENT, Default Specialization, , , Value 98.2
11, 4, LOC_CITY_NAME_ANGKOR_THOM, , CONTRACT 20, COMPLETED, UNIT_SLINGER, NO_BUILDING, NO_DISTRICT, VALUE 59.0, Build Trigger Unit
11, 4, LOC_CITY_NAME_ANGKOR_THOM, , , DISTRICT_HOLY_SITE, Build City District, CONTRACT 218
11, 6, LOC_CITY_NAME_AACHEN, , CONTRACT 224, SUBMITTED, UNIT_SETTLER, NO_BUILDING, NO_DISTRICT, VALUE 525.0, Settle City Op
11, 6, LOC_CITY_NAME_ULM, , CONTRACT 227, SUBMITTED, NO_UNIT, NO_BUILDING, DISTRICT_HOLY_SITE, VALUE 333.0, Build City District
11, 6, LOC_CITY_NAME_ULM, , CONTRACT 228, SUBMITTED, NO_UNIT, BUILDING_STONEHENGE, NO_DISTRICT, VALUE 653.0, Seek Target Wonder
11, 6, LOC_CITY_NAME_HEIDELBERG, , CONTRACT 229, SUBMITTED, NO_UNIT, BUILDING_MONUMENT, NO_DISTRICT, VALUE 74.0, Build City Building
11, 6, LOC_CITY_NAME_AACHEN, , CONTRACT 231, SUBMITTED, UNIT_BUILDER, NO_BUILDING, NO_DISTRICT, VALUE 53.0, Build City Improvement
11, 6, LOC_CITY_NAME_ULM, , CONTRACT 231, SUBMITTED, UNIT_BUILDER, NO_BUILDING, NO_DISTRICT, VALUE 53.0, Build City Improvement
11, 6, LOC_CITY_NAME_HEIDELBERG, , CONTRACT 231, SUBMITTED, UNIT_BUILDER, NO_BUILDING, NO_DISTRICT, VALUE 53.0, Build City Improvement
11, 7, LOC_CITY_NAME_QARAQORUM, , CONTRACT 234, SUBMITTED, UNIT_SETTLER, NO_BUILDING, NO_DISTRICT, VALUE 436.0, Settle City Op
11, 8, LOC_CITY_NAME_ROME, , , BUILDING_GRANARY, Default Specialization, , , Value 38.3
11, 9, LOC_CITY_NAME_URUK, , , BUILDING_GREAT_BATH, Seek Target Wonder, CONTRACT 190
12, 1, LOC_CITY_NAME_MBANZA_NSUNDI, , CONTRACT 150, COMPLETED, NO_UNIT, BUILDING_LYCEUM, NO_DISTRICT, VALUE 120.8, Build City Building
12, 1, LOC_CITY_NAME_MBANZA_NSUNDI, , , BUILDING_MONUMENT, Default Specialization, , , Value 120.3
12, 1, LOC_CITY_NAME_MBUMBI, , CONTRACT 240, SUBMITTED, UNIT_SETTLER, NO_BUILDING, NO_DISTRICT, VALUE 449.0, Settle City Op
12, 1, LOC_CITY_NAME_KWILA, , CONTRACT 241, SUBMITTED, NO_UNIT, BUILDING_LYCEUM, NO_DISTRICT, VALUE 86.0, Build City Building
12, 1, LOC_CITY_NAME_MBUMBI, , CONTRACT 246, SUBMITTED, UNIT_BUILDER, NO_BUILDING, NO_DISTRICT, VALUE 63.0, Build City Improvement
12, 1, LOC_CITY_NAME_MBANZA_NSUNDI, , CONTRACT 246, SUBMITTED, UNIT_BUILDER, NO_BUILDING, NO_DISTRICT, VALUE 63.0, Build City Improvement
12, 1, LOC_CITY_NAME_KWILA, , CONTRACT 246, SUBMITTED, UNIT_BUILDER, NO_BUILDING, NO_DISTRICT, VALUE 63.0, Build City Improvement
12, 2, LOC_CITY_NAME_ISTANBUL, , , BUILDING_STONEHENGE, Seek Target Wonder, CONTRACT 213
12, 2, LOC_CITY_NAME_ISTANBUL, , CONTRACT 248, SUBMITTED, UNIT_BUILDER, NO_BUILDING, NO_DISTRICT, VALUE 87.0, Build City Improvement
12, 2, LOC_CITY_NAME_HALEP, , CONTRACT 248, SUBMITTED, UNIT_BUILDER, NO_BUILDING, NO_DISTRICT, VALUE 87.0, Build City Improvement
12, 3, LOC_CITY_NAME_MEROE, , CONTRACT 249, SUBMITTED, NO_UNIT, NO_BUILDING, DISTRICT_HOLY_SITE, VALUE 307.0, Build City District
12, 6, LOC_CITY_NAME_AACHEN, , , UNIT_SETTLER, Settle City Op, CONTRACT 224
12, 6, LOC_CITY_NAME_HEIDELBERG, , , BUILDING_MONUMENT, Build City Building, CONTRACT 229
12, 12, LOC_CITY_NAME_BOLOGNA, , CONTRACT 257, SUBMITTED, UNIT_BUILDER, NO_BUILDING, NO_DISTRICT, VALUE 45.0, Build City Improvement
12, 13, LOC_CITY_NAME_AKKAD, , CONTRACT 260, SUBMITTED, UNIT_BUILDER, NO_BUILDING, NO_DISTRICT, VALUE 65.0, Build City Improvement
12, 14, LOC_CITY_NAME_BANDAR_BRUNEI, , CONTRACT 264, SUBMITTED, UNIT_BUILDER, NO_BUILDING, NO_DISTRICT, VALUE 29.0, Build City Improvement
12, 15, LOC_CITY_NAME_VALLETTA, , CONTRACT 266, SUBMITTED, UNIT_BUILDER, NO_BUILDING, NO_DISTRICT, VALUE 45.0, Build City Improvement
12, 17, LOC_CITY_NAME_GENEVA, , CONTRACT 270, SUBMITTED, UNIT_BUILDER, NO_BUILDING, NO_DISTRICT, VALUE 6.0, Build City Improvement
12, 18, LOC_CITY_NAME_ANTIOCH, , CONTRACT 272, SUBMITTED, UNIT_BUILDER, NO_BUILDING, NO_DISTRICT, VALUE 70.0, Build City Improvement
12, 20, LOC_CITY_NAME_CAHOKIA, , CONTRACT 276, SUBMITTED, UNIT_BUILDER, NO_BUILDING, NO_DISTRICT, VALUE 90.0, Build City Improvement
12, 21, LOC_CITY_NAME_ANTANANARIVO, , CONTRACT 278, SUBMITTED, UNIT_BUILDER, NO_BUILDING, NO_DISTRICT, VALUE 45.0, Build City Improvement
12, 22, LOC_CITY_NAME_VILNIUS, , CONTRACT 281, SUBMITTED, UNIT_BUILDER, NO_BUILDING, NO_DISTRICT, VALUE 24.0, Build City Improvement
12, 24, LOC_CITY_NAME_KABUL, , CONTRACT 285, SUBMITTED, UNIT_BUILDER, NO_BUILDING, NO_DISTRICT, VALUE 43.0, Build City Improvement
12, 26, LOC_CITY_NAME_MOHENJO_DARO, , CONTRACT 289, SUBMITTED, UNIT_BUILDER, NO_BUILDING, NO_DISTRICT, VALUE 45.0, Build City Improvement
12, 28, LOC_CITY_NAME_KANDY, , CONTRACT 294, SUBMITTED, UNIT_BUILDER, NO_BUILDING, NO_DISTRICT, VALUE 25.0, Build City Improvement
12, 31, LOC_CITY_NAME_BRUSSELS, , CONTRACT 299, SUBMITTED, UNIT_BUILDER, NO_BUILDING, NO_DISTRICT, VALUE 72.0, Build City Improvement
13, 0, LOC_CITY_NAME_MBWILA, 4.55, 0.69, , YIELD_FOOD: 0.1, YIELD_PRODUCTION: 0.0, YIELD_GOLD: -0.1, YIELD_SCIENCE: 0.0, YIELD_CULTURE: 0.0, YIELD_FAITH: 0.0, , 
13, 1, LOC_CITY_NAME_MBUMBI, , , UNIT_SETTLER, Settle City Op, CONTRACT 240
13, 1, LOC_CITY_NAME_KWILA, , , BUILDING_LYCEUM, Build City Building, CONTRACT 241
13, 3, LOC_CITY_NAME_KAWA, -0.54, -1.62, , YIELD_FOOD: 0.0, YIELD_PRODUCTION: -0.1, YIELD_GOLD: 0.1, YIELD_SCIENCE: 0.0, YIELD_CULTURE: 0.0, YIELD_FAITH: 0.0, , 
13, 3, LOC_CITY_NAME_KAWA, , , BUILDING_LYCEUM, Default Specialization, , , Value 86.9
13, 5, LOC_CITY_NAME_BUDA, , , BUILDING_GRANARY, Default Specialization, , , Value 74.9
13, 9, LOC_CITY_NAME_URUK, , CONTRACT 306, SUBMITTED, UNIT_SCOUT, NO_BUILDING, NO_DISTRICT, VALUE 126.0, Build Trigger Unit
13, 9, LOC_CITY_NAME_BAD_TIBIRA, , CONTRACT 306, SUBMITTED, UNIT_SCOUT, NO_BUILDING, NO_DISTRICT, VALUE 126.0, Build Trigger Unit
13, 16, LOC_CITY_NAME_BABYLON, , CONTRACT 308, SUBMITTED, UNIT_BUILDER, NO_BUILDING, NO_DISTRICT, VALUE 60.0, Build City Improvement
13, 19, LOC_CITY_NAME_LA_VENTA, , CONTRACT 309, SUBMITTED, UNIT_BUILDER, NO_BUILDING, NO_DISTRICT, VALUE 87.0, Build City Improvement
14, 1, LOC_CITY_NAME_MBUMBI, , CONTRACT 311, SUBMITTED, UNIT_BUILDER, NO_BUILDING, NO_DISTRICT, VALUE 14.0, Build City Improvement
14, 1, LOC_CITY_NAME_MBANZA_NSUNDI, , CONTRACT 311, SUBMITTED, UNIT_BUILDER, NO_BUILDING, NO_DISTRICT, VALUE 14.0, Build City Improvement
14, 1, LOC_CITY_NAME_KWILA, , CONTRACT 311, SUBMITTED, UNIT_BUILDER, NO_BUILDING, NO_DISTRICT, VALUE 14.0, Build City Improvement
14, 2, LOC_CITY_NAME_HALEP, , CONTRACT 130, COMPLETED, NO_UNIT, BUILDING_MONUMENT, NO_DISTRICT, VALUE 108.4, Build City Building
14, 2, LOC_CITY_NAME_HALEP, , , DISTRICT_HOLY_SITE, Build City District, CONTRACT 214
14, 3, LOC_CITY_NAME_MEROE, , CONTRACT 312, SUBMITTED, UNIT_SETTLER, NO_BUILDING, NO_DISTRICT, VALUE 372.0, Settle City Op
14, 3, LOC_CITY_NAME_KERMA, , CONTRACT 312, SUBMITTED, UNIT_SETTLER, NO_BUILDING, NO_DISTRICT, VALUE 372.0, Settle City Op
14, 3, LOC_CITY_NAME_MEROE, , CONTRACT 313, SUBMITTED, UNIT_BUILDER, NO_BUILDING, NO_DISTRICT, VALUE 18.0, Build City Improvement
14, 3, LOC_CITY_NAME_KERMA, , CONTRACT 313, SUBMITTED, UNIT_BUILDER, NO_BUILDING, NO_DISTRICT, VALUE 18.0, Build City Improvement
14, 3, LOC_CITY_NAME_KAWA, , CONTRACT 313, SUBMITTED, UNIT_BUILDER, NO_BUILDING, NO_DISTRICT, VALUE 18.0, Build City Improvement
14, 3, LOC_CITY_NAME_MEROE, , CONTRACT 318, SUBMITTED, UNIT_BUILDER, NO_BUILDING, NO_DISTRICT, VALUE 5.0, Build City Improvement
14, 3, LOC_CITY_NAME_KERMA, , CONTRACT 318, SUBMITTED, UNIT_BUILDER, NO_BUILDING, NO_DISTRICT, VALUE 5.0, Build City Improvement
14, 3, LOC_CITY_NAME_KAWA, , CONTRACT 318, SUBMITTED, UNIT_BUILDER, NO_BUILDING, NO_DISTRICT, VALUE 5.0, Build City Improvement
14, 7, LOC_CITY_NAME_QARAQORUM, , , UNIT_SETTLER, Settle City Op, CONTRACT 234
14, 8, LOC_CITY_NAME_OSTIA, , , BUILDING_GRANARY, Default Specialization, , , Value 65.7
14, 18, LOC_CITY_NAME_ANTIOCH, , , UNIT_BUILDER, Build City Improvement, CONTRACT 272
15, 1, LOC_CITY_NAME_MBUMBI, , CONTRACT 333, SUBMITTED, UNIT_BUILDER, NO_BUILDING, NO_DISTRICT, VALUE 14.0, Build City Improvement
15, 1, LOC_CITY_NAME_MBANZA_NSUNDI, , CONTRACT 333, SUBMITTED, UNIT_BUILDER, NO_BUILDING, NO_DISTRICT, VALUE 14.0, Build City Improvement
15, 1, LOC_CITY_NAME_KWILA, , CONTRACT 333, SUBMITTED, UNIT_BUILDER, NO_BUILDING, NO_DISTRICT, VALUE 14.0, Build City Improvement
15, 2, LOC_CITY_NAME_HALEP, , CONTRACT 334, SUBMITTED, NO_UNIT, BUILDING_LYCEUM, NO_DISTRICT, VALUE 131.0, Build City Building
15, 2, LOC_CITY_NAME_ISTANBUL, , CONTRACT 335, SUBMITTED, UNIT_BUILDER, NO_BUILDING, NO_DISTRICT, VALUE 73.0, Build City Improvement
15, 2, LOC_CITY_NAME_HALEP, , CONTRACT 335, SUBMITTED, UNIT_BUILDER, NO_BUILDING, NO_DISTRICT, VALUE 73.0, Build City Improvement
15, 3, PURCHASE, , , UNIT_BUILDER, Build City Improvement, CONTRACT 313
15, 3, LOC_CITY_NAME_MEROE, , CONTRACT 313, COMPLETED, UNIT_BUILDER, NO_BUILDING, NO_DISTRICT, VALUE 18.0, Build City Improvement
15, 3, LOC_CITY_NAME_MEROE, , , DISTRICT_HOLY_SITE, Build City District, CONTRACT 249
15, 3, LOC_CITY_NAME_KERMA, , CONTRACT 313, COMPLETED, UNIT_BUILDER, NO_BUILDING, NO_DISTRICT, VALUE 18.0, Build City Improvement
15, 3, LOC_CITY_NAME_KERMA, , , UNIT_SETTLER, Settle City Op, CONTRACT 312
15, 4, LOC_CITY_NAME_ANGKOR_THOM, , CONTRACT 218, COMPLETED, NO_UNIT, NO_BUILDING, DISTRICT_HOLY_SITE, VALUE 1244.5, Build City District
15, 4, LOC_CITY_NAME_ANGKOR_THOM, , , BUILDING_SHRINE, Default Specialization, , , Value 516.7
15, 6, LOC_CITY_NAME_ULM, , CONTRACT 142, COMPLETED, NO_UNIT, BUILDING_MONUMENT, NO_DISTRICT, VALUE 108.4, Build City Building
15, 6, LOC_CITY_NAME_ULM, , , BUILDING_STONEHENGE, Seek Target Wonder, CONTRACT 228
15, 7, LOC_CITY_NAME_AKSU, , CONTRACT 145, COMPLETED, NO_UNIT, BUILDING_MONUMENT, NO_DISTRICT, VALUE 108.4, Build City Building
15, 7, LOC_CITY_NAME_AKSU, , , BUILDING_LYCEUM, Default Specialization, , , Value 162.3
15, 7, LOC_CITY_NAME_QARAQORUM, , CONTRACT 346, SUBMITTED, NO_UNIT, BUILDING_STONEHENGE, NO_DISTRICT, VALUE 609.0, Seek Target Wonder
15, 7, LOC_CITY_NAME_AKSU, , CONTRACT 348, SUBMITTED, NO_UNIT, BUILDING_STONEHENGE, NO_DISTRICT, VALUE 508.0, Seek Target Wonder
15, 7, LOC_CITY_NAME_QARAQORUM, , CONTRACT 349, SUBMITTED, NO_UNIT, NO_BUILDING, DISTRICT_HOLY_SITE, VALUE 475.0, Build City District
15, 7, LOC_CITY_NAME_URUMQI, , CONTRACT 350, SUBMITTED, NO_UNIT, BUILDING_STONEHENGE, NO_DISTRICT, VALUE 796.0, Seek Target Wonder
15, 8, LOC_CITY_NAME_ROME, , , UNIT_WARRIOR, Default Specialization, , , Value 31.3
15, 9, LOC_CITY_NAME_BAD_TIBIRA, , CONTRACT 191, COMPLETED, UNIT_SUMERIAN_WAR_CART, NO_BUILDING, NO_DISTRICT, VALUE 102.0, Build City Building
15, 9, LOC_CITY_NAME_BAD_TIBIRA, , , UNIT_SCOUT, Build Trigger Unit, CONTRACT 306
15, 9, LOC_CITY_NAME_URUK, , CONTRACT 352, SUBMITTED, UNIT_SLINGER, NO_BUILDING, NO_DISTRICT, VALUE 179.0, Build Trigger Unit
15, 9, LOC_CITY_NAME_BAD_TIBIRA, , CONTRACT 352, SUBMITTED, UNIT_SLINGER, NO_BUILDING, NO_DISTRICT, VALUE 179.0, Build Trigger Unit
15, 17, LOC_CITY_NAME_GENEVA, , , BUILDING_MONUMENT, Build City Building, CONTRACT 199
15, 30, LOC_CITY_NAME_HONG_KONG, , , BUILDING_MONUMENT, Build City Building, CONTRACT 209
16, 0, LOC_CITY_NAME_KINCHASSA, 4.55, 3.24, , YIELD_FOOD: 0.1, YIELD_PRODUCTION: 0.0, YIELD_GOLD: 0.0, YIELD_SCIENCE: 0.0, YIELD_CULTURE: -0.1, YIELD_FAITH: 0.0, , 
16, 1, LOC_CITY_NAME_MBANZA_NSUNDI, , CONTRACT 246, CANCELLED, UNIT_BUILDER, NO_BUILDING, NO_DISTRICT, VALUE 63.0, Build City Improvement
16, 1, LOC_CITY_NAME_MBANZA_NSUNDI, , CONTRACT 311, CANCELLED, UNIT_BUILDER, NO_BUILDING, NO_DISTRICT, VALUE 14.0, Build City Improvement
16, 1, LOC_CITY_NAME_MBANZA_NSUNDI, , , BUILDING_GRANARY, Default Specialization, , , Value 51.3
16, 3, LOC_CITY_NAME_MEROE, , CONTRACT 358, SUBMITTED, UNIT_BUILDER, NO_BUILDING, NO_DISTRICT, VALUE 17.0, Build City Improvement
16, 3, LOC_CITY_NAME_KERMA, , CONTRACT 358, SUBMITTED, UNIT_BUILDER, NO_BUILDING, NO_DISTRICT, VALUE 17.0, Build City Improvement
16, 3, LOC_CITY_NAME_KAWA, , CONTRACT 358, SUBMITTED, UNIT_BUILDER, NO_BUILDING, NO_DISTRICT, VALUE 17.0, Build City Improvement
16, 5, LOC_CITY_NAME_BUDA, , , UNIT_WARRIOR, Default Specialization, , , Value 4.1
16, 6, LOC_CITY_NAME_HEIDELBERG, , CONTRACT 229, COMPLETED, NO_UNIT, BUILDING_MONUMENT, NO_DISTRICT, VALUE 108.4, Build City Building
16, 6, LOC_CITY_NAME_HEIDELBERG, , , UNIT_BUILDER, Build City Improvement, CONTRACT 231
16, 6, LOC_CITY_NAME_ULM, , CONTRACT 362, SUBMITTED, NO_UNIT, BUILDING_LYCEUM, NO_DISTRICT, VALUE 127.0, Build City Building
16, 7, LOC_CITY_NAME_AKSU, , CONTRACT 365, SUBMITTED, NO_UNIT, NO_BUILDING, DISTRICT_HOLY_SITE, VALUE 413.0, Build City District
16, 8, LOC_CITY_NAME_ROME, , , UNIT_HEAVY_CHARIOT, Default Specialization, , , Value 74.9
16, 9, LOC_CITY_NAME_BAD_TIBIRA, , CONTRACT 368, SUBMITTED, NO_UNIT, BUILDING_LYCEUM, NO_DISTRICT, VALUE 135.0, Build City Building
16, 11, LOC_CITY_NAME_NAN_MADOL, , CONTRACT 369, SUBMITTED, NO_UNIT, BUILDING_MONUMENT, NO_DISTRICT, VALUE 44.0, Build City Building
16, 12, LOC_CITY_NAME_BOLOGNA, , CONTRACT 43, COMPLETED, NO_UNIT, BUILDING_MONUMENT, NO_DISTRICT, VALUE 82.3, Build City Building
16, 12, LOC_CITY_NAME_BOLOGNA, , , UNIT_BUILDER, Build City Improvement, CONTRACT 257
16, 13, LOC_CITY_NAME_AKKAD, , CONTRACT 370, SUBMITTED, NO_UNIT, BUILDING_MONUMENT, NO_DISTRICT, VALUE 46.0, Build City Building
16, 14, LOC_CITY_NAME_BANDAR_BRUNEI, , CONTRACT 371, SUBMITTED, NO_UNIT, BUILDING_MONUMENT, NO_DISTRICT, VALUE 42.0, Build City Building
16, 15, LOC_CITY_NAME_VALLETTA, , CONTRACT 372, SUBMITTED, NO_UNIT, BUILDING_MONUMENT, NO_DISTRICT, VALUE 46.0, Build City Building
16, 16, LOC_CITY_NAME_BABYLON, , CONTRACT 373, SUBMITTED, NO_UNIT, BUILDING_MONUMENT, NO_DISTRICT, VALUE 44.0, Build City Building
16, 18, LOC_CITY_NAME_ANTIOCH, , CONTRACT 374, SUBMITTED, NO_UNIT, BUILDING_GRANARY, NO_DISTRICT, VALUE 62.0, Build City Building
16, 20, LOC_CITY_NAME_CAHOKIA, , , UNIT_BUILDER, Build City Improvement, CONTRACT 276
16, 20, LOC_CITY_NAME_CAHOKIA, , CONTRACT 376, SUBMITTED, NO_UNIT, BUILDING_MONUMENT, NO_DISTRICT, VALUE 64.0, Build City Building
16, 21, LOC_CITY_NAME_ANTANANARIVO, , CONTRACT 377, SUBMITTED, NO_UNIT, BUILDING_MONUMENT, NO_DISTRICT, VALUE 46.0, Build City Building
16, 22, LOC_CITY_NAME_VILNIUS, , CONTRACT 378, SUBMITTED, NO_UNIT, BUILDING_GRANARY, NO_DISTRICT, VALUE 75.0, Build City Building
16, 24, LOC_CITY_NAME_KABUL, , CONTRACT 379, SUBMITTED, NO_UNIT, BUILDING_MONUMENT, NO_DISTRICT, VALUE 46.0, Build City Building
16, 25, LOC_CITY_NAME_ZANZIBAR, , CONTRACT 380, SUBMITTED, NO_UNIT, BUILDING_MONUMENT, NO_DISTRICT, VALUE 48.0, Build City Building
16, 26, LOC_CITY_NAME_MOHENJO_DARO, , , UNIT_BUILDER, Build City Improvement, CONTRACT 289
16, 26, LOC_CITY_NAME_MOHENJO_DARO, , CONTRACT 381, SUBMITTED, NO_UNIT, BUILDING_MONUMENT, NO_DISTRICT, VALUE 64.0, Build City Building
16, 28, LOC_CITY_NAME_KANDY, , CONTRACT 382, SUBMITTED, NO_UNIT, BUILDING_MONUMENT, NO_DISTRICT, VALUE 48.0, Build City Building
16, 31, LOC_CITY_NAME_BRUSSELS, , CONTRACT 383, SUBMITTED, NO_UNIT, BUILDING_GRANARY, NO_DISTRICT, VALUE 72.0, Build City Building
17, 6, LOC_CITY_NAME_HEIDELBERG, , CONTRACT 231, CANCELLED, UNIT_BUILDER, NO_BUILDING, NO_DISTRICT, VALUE 53.0, Build City Improvement
17, 6, LOC_CITY_NAME_HEIDELBERG, , , BUILDING_LYCEUM, Default Specialization, , , Value 131.8
17, 6, LOC_CITY_NAME_HEIDELBERG, , CONTRACT 388, SUBMITTED, NO_UNIT, BUILDING_LYCEUM, NO_DISTRICT, VALUE 131.0, Build City Building
17, 6, LOC_CITY_NAME_AACHEN, , CONTRACT 390, SUBMITTED, UNIT_BUILDER, NO_BUILDING, NO_DISTRICT, VALUE 7.0, Build City Improvement
17, 6, LOC_CITY_NAME_ULM, , CONTRACT 390, SUBMITTED, UNIT_BUILDER, NO_BUILDING, NO_DISTRICT, VALUE 7.0, Build City Improvement
17, 6, LOC_CITY_NAME_HEIDELBERG, , CONTRACT 390, SUBMITTED, UNIT_BUILDER, NO_BUILDING, NO_DISTRICT, VALUE 7.0, Build City Improvement
17, 9, LOC_CITY_NAME_URUK, , CONTRACT 190, COMPLETED, NO_UNIT, BUILDING_GREAT_BATH, NO_DISTRICT, VALUE 542.3, Seek Target Wonder
17, 9, LOC_CITY_NAME_URUK, , CONTRACT 306, IN PROGRESS, UNIT_SCOUT, NO_BUILDING, NO_DISTRICT, VALUE 126.0, Build Trigger Unit
17, 9, LOC_CITY_NAME_URUK, , , UNIT_SLINGER, Build Trigger Unit, CONTRACT 352
17, 12, LOC_CITY_NAME_BOLOGNA, , CONTRACT 397, SUBMITTED, NO_UNIT, BUILDING_GRANARY, NO_DISTRICT, VALUE 61.0, Build City Building
17, 13, LOC_CITY_NAME_AKKAD, , , UNIT_BUILDER, Build City Improvement, CONTRACT 260
17, 18, LOC_CITY_NAME_ANTIOCH, , CONTRACT 272, COMPLETED, UNIT_BUILDER, NO_BUILDING, NO_DISTRICT, VALUE 70.0, Build City Improvement
17, 18, LOC_CITY_NAME_ANTIOCH, , , BUILDING_GRANARY, Build City Building, CONTRACT 374
17, 31, LOC_CITY_NAME_BRUSSELS, , , BUILDING_GRANARY, Build City Building, CONTRACT 383
18, 2, LOC_CITY_NAME_HALEP, , CONTRACT 214, COMPLETED, NO_UNIT, NO_BUILDING, DISTRICT_HOLY_SITE, VALUE 458.4, Build City District
18, 2, LOC_CITY_NAME_HALEP, , , BUILDING_LYCEUM, Build City Building, CONTRACT 334
18, 3, LOC_CITY_NAME_MEROE, , CONTRACT 249, COMPLETED, NO_UNIT, NO_BUILDING, DISTRICT_HOLY_SITE, VALUE 733.6, Build City District
18, 3, LOC_CITY_NAME_MEROE, , CONTRACT 312, IN PROGRESS, UNIT_SETTLER, NO_BUILDING, NO_DISTRICT, VALUE 384.8, Settle City Op
18, 3, LOC_CITY_NAME_MEROE, , , BUILDING_SHRINE, Default Specialization, , , Value 545.1
18, 3, LOC_CITY_NAME_KERMA, , CONTRACT 399, SUBMITTED, UNIT_GALLEY, NO_BUILDING, NO_DISTRICT, VALUE 114.0, Build City Building
18, 3, LOC_CITY_NAME_KAWA, , CONTRACT 400, SUBMITTED, UNIT_GALLEY, NO_BUILDING, NO_DISTRICT, VALUE 105.0, Build City Building
18, 5, LOC_CITY_NAME_BUDA, , , UNIT_WARRIOR, Default Specialization, , , Value 4.1
18, 6, LOC_CITY_NAME_AACHEN, , CONTRACT 402, SUBMITTED, UNIT_BUILDER, NO_BUILDING, NO_DISTRICT, VALUE 36.0, Build City Improvement
18, 6, LOC_CITY_NAME_ULM, , CONTRACT 402, SUBMITTED, UNIT_BUILDER, NO_BUILDING, NO_DISTRICT, VALUE 36.0, Build City Improvement
18, 6, LOC_CITY_NAME_HEIDELBERG, , CONTRACT 402, SUBMITTED, UNIT_BUILDER, NO_BUILDING, NO_DISTRICT, VALUE 36.0, Build City Improvement
18, 7, LOC_CITY_NAME_URUMQI, , , BUILDING_STONEHENGE, Seek Target Wonder, CONTRACT 350
18, 7, LOC_CITY_NAME_QARAQORUM, , CONTRACT 404, SUBMITTED, UNIT_BUILDER, NO_BUILDING, NO_DISTRICT, VALUE 79.0, Build City Improvement
18, 7, LOC_CITY_NAME_AKSU, , CONTRACT 404, SUBMITTED, UNIT_BUILDER, NO_BUILDING, NO_DISTRICT, VALUE 79.0, Build City Improvement
18, 7, LOC_CITY_NAME_URUMQI, , CONTRACT 404, SUBMITTED, UNIT_BUILDER, NO_BUILDING, NO_DISTRICT, VALUE 79.0, Build City Improvement
18, 7, LOC_CITY_NAME_URUMQI, , CONTRACT 405, SUBMITTED, UNIT_GALLEY, NO_BUILDING, NO_DISTRICT, VALUE 128.0, Build City Building
18, 8, LOC_CITY_NAME_OSTIA, , , UNIT_HEAVY_CHARIOT, Default Specialization, , , Value 72.8
18, 9, LOC_CITY_NAME_URUK, , CONTRACT 352, COMPLETED, UNIT_SLINGER, NO_BUILDING, NO_DISTRICT, VALUE 179.0, Build Trigger Unit
18, 9, LOC_CITY_NAME_URUK, , , BUILDING_MONUMENT, Default Specialization, , , Value 105.8
18, 9, LOC_CITY_NAME_BAD_TIBIRA, , CONTRACT 306, COMPLETED, UNIT_SCOUT, NO_BUILDING, NO_DISTRICT, VALUE 126.0, Build Trigger Unit
18, 9, LOC_CITY_NAME_BAD_TIBIRA, , CONTRACT 352, COMPLETED, UNIT_SLINGER, NO_BUILDING, NO_DISTRICT, VALUE 179.0, Build Trigger Unit
18, 9, LOC_CITY_NAME_BAD_TIBIRA, , , BUILDING_LYCEUM, Build City Building, CONTRACT 368
18, 9, LOC_CITY_NAME_UR, 3.54, -2.31, , YIELD_FOOD: 0.0, YIELD_PRODUCTION: -0.1, YIELD_GOLD: 0.0, YIELD_SCIENCE: 0.1, YIELD_CULTURE: 0.0, YIELD_FAITH: 0.0, , 
18, 9, LOC_CITY_NAME_UR, , , BUILDING_LYCEUM, Default Specialization, , , Value 34.6
18, 15, LOC_CITY_NAME_VALLETTA, , , BUILDING_MONUMENT, Build City Building, CONTRACT 372
18, 16, LOC_CITY_NAME_BABYLON, , , BUILDING_MONUMENT, Build City Building, CONTRACT 373
18, 19, LOC_CITY_NAME_LA_VENTA, , , UNIT_BUILDER, Build City Improvement, CONTRACT 309
18, 21, LOC_CITY_NAME_ANTANANARIVO, , , BUILDING_MONUMENT, Build City Building, CONTRACT 377
18, 23, LOC_CITY_NAME_GRANADA, , CONTRACT 81, COMPLETED, NO_UNIT, BUILDING_MONUMENT, NO_DISTRICT, VALUE 74.3, Build City Building
18, 23, LOC_CITY_NAME_GRANADA, , , BUILDING_LYCEUM, Default Specialization, , , Value 62.6
18, 25, LOC_CITY_NAME_ZANZIBAR, , , BUILDING_MONUMENT, Build City Building, CONTRACT 380
19, 0, LOC_CITY_NAME_MBANZA_MBATA, 4.30, -2.78, , YIELD_FOOD: 0.1, YIELD_PRODUCTION: -0.1, YIELD_GOLD: 0.0, YIELD_SCIENCE: 0.0, YIELD_CULTURE: 0.0, YIELD_FAITH: 0.0, , 
19, 1, LOC_CITY_NAME_MBUMBI, , CONTRACT 240, COMPLETED, UNIT_SETTLER, NO_BUILDING, NO_DISTRICT, VALUE 539.6, Settle City Op
19, 1, LOC_CITY_NAME_MBUMBI, , CONTRACT 246, CANCELLED, UNIT_BUILDER, NO_BUILDING, NO_DISTRICT, VALUE 63.0, Build City Improvement
19, 1, LOC_CITY_NAME_MBUMBI, , CONTRACT 311, CANCELLED, UNIT_BUILDER, NO_BUILDING, NO_DISTRICT, VALUE 14.0, Build City Improvement
19, 1, LOC_CITY_NAME_MBUMBI, , , UNIT_SPEARMAN, Default Specialization, , , Value 67.9
19, 3, LOC_CITY_NAME_KAWA, , CONTRACT 358, CANCELLED, UNIT_BUILDER, NO_BUILDING, NO_DISTRICT, VALUE 17.0, Build City Improvement
19, 3, LOC_CITY_NAME_KAWA, , , UNIT_GALLEY, Build City Building, CONTRACT 400
19, 5, LOC_CITY_NAME_BUDA, , CONTRACT 415, SUBMITTED, UNIT_BUILDER, NO_BUILDING, NO_DISTRICT, VALUE 52.0, Build City Improvement
19, 6, LOC_CITY_NAME_AACHEN, , CONTRACT 224, COMPLETED, UNIT_SETTLER, NO_BUILDING, NO_DISTRICT, VALUE 634.3, Settle City Op
19, 6, LOC_CITY_NAME_AACHEN, , , UNIT_BUILDER, Build City Improvement, CONTRACT 402
19, 6, LOC_CITY_NAME_AACHEN, , CONTRACT 416, SUBMITTED, UNIT_TRADER, NO_BUILDING, NO_DISTRICT, VALUE 85.0, Build Trigger Unit
19, 6, LOC_CITY_NAME_ULM, , CONTRACT 416, SUBMITTED, UNIT_TRADER, NO_BUILDING, NO_DISTRICT, VALUE 85.0, Build Trigger Unit
19, 6, LOC_CITY_NAME_HEIDELBERG, , CONTRACT 416, SUBMITTED, UNIT_TRADER, NO_BUILDING, NO_DISTRICT, VALUE 85.0, Build Trigger Unit
19, 7, LOC_CITY_NAME_QARAQORUM, , CONTRACT 417, SUBMITTED, UNIT_BUILDER, NO_BUILDING, NO_DISTRICT, VALUE 42.0, Build City Improvement
19, 7, LOC_CITY_NAME_AKSU, , CONTRACT 417, SUBMITTED, UNIT_BUILDER, NO_BUILDING, NO_DISTRICT, VALUE 42.0, Build City Improvement
19, 7, LOC_CITY_NAME_URUMQI, , CONTRACT 417, SUBMITTED, UNIT_BUILDER, NO_BUILDING, NO_DISTRICT, VALUE 42.0, Build City Improvement
19, 8, LOC_CITY_NAME_ROME, , , UNIT_HEAVY_CHARIOT, Default Specialization, , , Value 46.2
19, 9, LOC_CITY_NAME_URUK, , CONTRACT 420, SUBMITTED, UNIT_SETTLER, NO_BUILDING, NO_DISTRICT, VALUE 377.0, Settle City Op
19, 9, LOC_CITY_NAME_BAD_TIBIRA, , CONTRACT 420, SUBMITTED, UNIT_SETTLER, NO_BUILDING, NO_DISTRICT, VALUE 377.0, Settle City Op
19, 9, LOC_CITY_NAME_URUK, , CONTRACT 423, SUBMITTED, UNIT_BUILDER, NO_BUILDING, NO_DISTRICT, VALUE 182.0, Build City Improvement
19, 9, LOC_CITY_NAME_BAD_TIBIRA, , CONTRACT 423, SUBMITTED, UNIT_BUILDER, NO_BUILDING, NO_DISTRICT, VALUE 182.0, Build City Improvement
19, 9, LOC_CITY_NAME_UR, , CONTRACT 423, SUBMITTED, UNIT_BUILDER, NO_BUILDING, NO_DISTRICT, VALUE 182.0, Build City Improvement
19, 12, LOC_CITY_NAME_BOLOGNA, , CONTRACT 257, COMPLETED, UNIT_BUILDER, NO_BUILDING, NO_DISTRICT, VALUE 45.0, Build City Improvement
19, 12, LOC_CITY_NAME_BOLOGNA, , , BUILDING_GRANARY, Build City Building, CONTRACT 397
19, 20, LOC_CITY_NAME_CAHOKIA, , CONTRACT 276, COMPLETED, UNIT_BUILDER, NO_BUILDING, NO_DISTRICT, VALUE 90.0, Build City Improvement
19, 20, LOC_CITY_NAME_CAHOKIA, , , BUILDING_MONUMENT, Build City Building, CONTRACT 376
19, 22, LOC_CITY_NAME_VILNIUS, , , BUILDING_GRANARY, Build City Building, CONTRACT 378
19, 23, LOC_CITY_NAME_GRANADA, , CONTRACT 429, SUBMITTED, NO_UNIT, BUILDING_GRANARY, NO_DISTRICT, VALUE 46.0, Build City Building
19, 23, LOC_CITY_NAME_GRANADA, , CONTRACT 430, SUBMITTED, UNIT_BUILDER, NO_BUILDING, NO_DISTRICT, VALUE 64.0, Build City Improvement
19, 26, LOC_CITY_NAME_MOHENJO_DARO, , CONTRACT 289, COMPLETED, UNIT_BUILDER, NO_BUILDING, NO_DISTRICT, VALUE 45.0, Build City Improvement
19, 26, LOC_CITY_NAME_MOHENJO_DARO, , , BUILDING_MONUMENT, Build City Building, CONTRACT 381
19, 28, LOC_CITY_NAME_KANDY, , , BUILDING_MONUMENT, Build City Building, CONTRACT 382
19, 29, LOC_CITY_NAME_NGAZARGAMU, , CONTRACT 432, SUBMITTED, UNIT_BUILDER, NO_BUILDING, NO_DISTRICT, VALUE 41.0, Build City Improvement
20, 1, LOC_CITY_NAME_KWILA, , CONTRACT 241, COMPLETED, NO_UNIT, BUILDING_LYCEUM, NO_DISTRICT, VALUE 126.8, Build City Building
20, 1, LOC_CITY_NAME_KWILA, , CONTRACT 246, CANCELLED, UNIT_BUILDER, NO_BUILDING, NO_DISTRICT, VALUE 63.0, Build City Improvement
20, 1, LOC_CITY_NAME_KWILA, , CONTRACT 311, CANCELLED, UNIT_BUILDER, NO_BUILDING, NO_DISTRICT, VALUE 14.0, Build City Improvement
20, 1, LOC_CITY_NAME_KWILA, , , BUILDING_MONUMENT, Default Specialization, , , Value 117.5
20, 2, LOC_CITY_NAME_ISTANBUL, , CONTRACT 213, COMPLETED, NO_UNIT, BUILDING_STONEHENGE, NO_DISTRICT, VALUE 932.8, Seek Target Wonder
20, 2, LOC_CITY_NAME_ISTANBUL, , , UNIT_HEAVY_CHARIOT, Default Specialization, , , Value 122.1
20, 2, LOC_CITY_NAME_ISTANBUL, , CONTRACT 435, SUBMITTED, NO_UNIT, NO_BUILDING, DISTRICT_HOLY_SITE, VALUE 100.0, Manage Great Person
20, 2, LOC_CITY_NAME_ISTANBUL, , CONTRACT 436, SUBMITTED, UNIT_BUILDER, NO_BUILDING, NO_DISTRICT, VALUE 69.0, Build City Improvement
20, 2, LOC_CITY_NAME_HALEP, , CONTRACT 436, SUBMITTED, UNIT_BUILDER, NO_BUILDING, NO_DISTRICT, VALUE 69.0, Build City Improvement
20, 4, LOC_CITY_NAME_ANGKOR_THOM, , , BUILDING_MONUMENT, Default Specialization, , , Value 103.4
20, 5, LOC_CITY_NAME_BUDA, , , UNIT_BUILDER, Build City Improvement, CONTRACT 415
20, 6, LOC_CITY_NAME_ULM, , CONTRACT 228, CANCELLED, NO_UNIT, BUILDING_STONEHENGE, NO_DISTRICT, VALUE 822.3, Seek Target Wonder
20, 6, LOC_CITY_NAME_ULM, , CONTRACT 402, IN PROGRESS, UNIT_BUILDER, NO_BUILDING, NO_DISTRICT, VALUE 36.0, Build City Improvement
20, 6, LOC_CITY_NAME_ULM, , , DISTRICT_HOLY_SITE, Build City District, CONTRACT 227
20, 7, LOC_CITY_NAME_URUMQI, , CONTRACT 350, CANCELLED, NO_UNIT, BUILDING_STONEHENGE, NO_DISTRICT, VALUE 995.2, Seek Target Wonder
20, 7, LOC_CITY_NAME_URUMQI, , , UNIT_GALLEY, Build City Building, CONTRACT 405
20, 9, LOC_CITY_NAME_URUK, , , UNIT_SETTLER, Settle City Op, CONTRACT 420
20, 9, LOC_CITY_NAME_UR, , , UNIT_BUILDER, Build City Improvement, CONTRACT 423
20, 9, LOC_CITY_NAME_URUK, , CONTRACT 440, SUBMITTED, UNIT_BUILDER, NO_BUILDING, NO_DISTRICT, VALUE 109.0, Build City Improvement
20, 9, LOC_CITY_NAME_BAD_TIBIRA, , CONTRACT 440, SUBMITTED, UNIT_BUILDER, NO_BUILDING, NO_DISTRICT, VALUE 109.0, Build City Improvement
20, 14, LOC_CITY_NAME_BANDAR_BRUNEI, , , BUILDING_MONUMENT, Build City Building, CONTRACT 371
21, 1, PURCHASE, , , UNIT_BUILDER, Build City Improvement, CONTRACT 333
21, 1, LOC_CITY_NAME_MBUMBI, , CONTRACT 333, COMPLETED, UNIT_BUILDER, NO_BUILDING, NO_DISTRICT, VALUE 14.0, Build City Improvement
21, 1, LOC_CITY_NAME_MBUMBI, , , UNIT_SCOUT, Default Specialization, , , Value 82.6
21, 1, LOC_CITY_NAME_MBANZA_NSUNDI, , CONTRACT 333, COMPLETED, UNIT_BUILDER, NO_BUILDING, NO_DISTRICT, VALUE 14.0, Build City Improvement
21, 1, LOC_CITY_NAME_MBANZA_NSUNDI, , , UNIT_SCOUT, Default Specialization, , , Value 80.6
21, 2, LOC_CITY_NAME_HALEP, , CONTRACT 334, COMPLETED, NO_UNIT, BUILDING_LYCEUM, NO_DISTRICT, VALUE 231.9, Build City Building
21, 2, LOC_CITY_NAME_HALEP, , , BUILDING_SHRINE, Default Specialization, , , Value 518.5
21, 3, LOC_CITY_NAME_MEROE, , CONTRACT 446, SUBMITTED, UNIT_BUILDER, NO_BUILDING, NO_DISTRICT, VALUE 27.0, Build City Improvement
21, 3, LOC_CITY_NAME_KERMA, , CONTRACT 446, SUBMITTED, UNIT_BUILDER, NO_BUILDING, NO_DISTRICT, VALUE 27.0, Build City Improvement
21, 3, LOC_CITY_NAME_KAWA, , CONTRACT 446, SUBMITTED, UNIT_BUILDER, NO_BUILDING, NO_DISTRICT, VALUE 27.0, Build City Improvement
21, 6, LOC_CITY_NAME_AACHEN, , , UNIT_TRADER, Build Trigger Unit, CONTRACT 416
21, 6, LOC_CITY_NAME_HEIDELBERG, , CONTRACT 388, ACCEPTED, NO_UNIT, BUILDING_LYCEUM, NO_DISTRICT, VALUE 131.0, Build City Building
21, 6, LOC_CITY_NAME_HEIDELBERG, , CONTRACT 416, IN PROGRESS, UNIT_TRADER, NO_BUILDING, NO_DISTRICT, VALUE 85.0, Build Trigger Unit
21, 6, LOC_CITY_NAME_HEIDELBERG, , , UNIT_BUILDER, Build City Improvement, CONTRACT 390
21, 7, PURCHASE, , , UNIT_BUILDER, Build City Improvement, CONTRACT 404
21, 7, LOC_CITY_NAME_QARAQORUM, , CONTRACT 234, COMPLETED, UNIT_SETTLER, NO_BUILDING, NO_DISTRICT, VALUE 657.3, Settle City Op
21, 7, LOC_CITY_NAME_QARAQORUM, , CONTRACT 404, COMPLETED, UNIT_BUILDER, NO_BUILDING, NO_DISTRICT, VALUE 79.0, Build City Improvement
21, 7, LOC_CITY_NAME_QARAQORUM, , , DISTRICT_HOLY_SITE, Build City District, CONTRACT 349
21, 7, LOC_CITY_NAME_AKSU, , CONTRACT 404, COMPLETED, UNIT_BUILDER, NO_BUILDING, NO_DISTRICT, VALUE 79.0, Build City Improvement
21, 7, LOC_CITY_NAME_AKSU, , , UNIT_BUILDER, Build City Improvement, CONTRACT 417
21, 8, LOC_CITY_NAME_ROME, , , UNIT_HEAVY_CHARIOT, Default Specialization, , , Value 43.9
21, 8, LOC_CITY_NAME_OSTIA, , , UNIT_HEAVY_CHARIOT, Default Specialization, , , Value 42.8
21, 9, LOC_CITY_NAME_UR, , , BUILDING_LYCEUM, Default Specialization, , , Value 128.8
21, 9, LOC_CITY_NAME_URUK, , CONTRACT 455, SUBMITTED, UNIT_BUILDER, NO_BUILDING, NO_DISTRICT, VALUE 103.0, Build City Improvement
21, 9, LOC_CITY_NAME_BAD_TIBIRA, , CONTRACT 455, SUBMITTED, UNIT_BUILDER, NO_BUILDING, NO_DISTRICT, VALUE 103.0, Build City Improvement
21, 9, LOC_CITY_NAME_UR, , CONTRACT 455, SUBMITTED, UNIT_BUILDER, NO_BUILDING, NO_DISTRICT, VALUE 103.0, Build City Improvement
21, 9, LOC_CITY_NAME_URUK, , CONTRACT 456, SUBMITTED, UNIT_BUILDER, NO_BUILDING, NO_DISTRICT, VALUE 108.0, Build City Improvement
21, 9, LOC_CITY_NAME_BAD_TIBIRA, , CONTRACT 456, SUBMITTED, UNIT_BUILDER, NO_BUILDING, NO_DISTRICT, VALUE 108.0, Build City Improvement
21, 9, LOC_CITY_NAME_UR, , CONTRACT 456, SUBMITTED, UNIT_BUILDER, NO_BUILDING, NO_DISTRICT, VALUE 108.0, Build City Improvement
21, 13, LOC_CITY_NAME_AKKAD, , CONTRACT 260, COMPLETED, UNIT_BUILDER, NO_BUILDING, NO_DISTRICT, VALUE 65.0, Build City Improvement
21, 13, LOC_CITY_NAME_AKKAD, , , BUILDING_MONUMENT, Build City Building, CONTRACT 370
21, 18, LOC_CITY_NAME_ANTIOCH, , CONTRACT 458, SUBMITTED, UNIT_BUILDER, NO_BUILDING, NO_DISTRICT, VALUE 30.0, Build City Improvement
21, 19, LOC_CITY_NAME_LA_VENTA, , CONTRACT 309, COMPLETED, UNIT_BUILDER, NO_BUILDING, NO_DISTRICT, VALUE 87.0, Build City Improvement
21, 19, LOC_CITY_NAME_LA_VENTA, , , BUILDING_MONUMENT, Default Specialization, , , Value 62.3
21, 24, LOC_CITY_NAME_KABUL, , , BUILDING_MONUMENT, Build City Building, CONTRACT 379
22, 0, LOC_CITY_NAME_SANGA, 2.52, -0.46, , YIELD_FOOD: 0.1, YIELD_PRODUCTION: 0.0, YIELD_GOLD: 0.0, YIELD_SCIENCE: 0.0, YIELD_CULTURE: -0.1, YIELD_FAITH: 0.0, , 
22, 1, LOC_CITY_NAME_MBUMBI, , , UNIT_SCOUT, Default Specialization, , , Value 40.3
22, 2, LOC_CITY_NAME_ISTANBUL, , , DISTRICT_HOLY_SITE, Manage Great Person, CONTRACT 435
22, 2, LOC_CITY_NAME_HALEP, , CONTRACT 464, SUBMITTED, NO_UNIT, BUILDING_WATER_MILL, NO_DISTRICT, VALUE 161.0, Build City Building
22, 3, LOC_CITY_NAME_MEROE, , , UNIT_NUBIAN_PITATI, Default Specialization, , , Value 92.2
22, 5, LOC_CITY_NAME_BUDA, , CONTRACT 415, FAILED, UNIT_BUILDER, NO_BUILDING, NO_DISTRICT, VALUE 52.0, Build City Improvement
22, 5, LOC_CITY_NAME_BUDA, , , UNIT_WARRIOR, Default Specialization, , , Value 4.1
22, 5, LOC_CITY_NAME_BUDA, , CONTRACT 473, SUBMITTED, NO_UNIT, NO_BUILDING, DISTRICT_HOLY_SITE, VALUE 867.0, Build City District
22, 6, LOC_CITY_NAME_AACHEN, , CONTRACT 475, SUBMITTED, UNIT_BUILDER, NO_BUILDING, NO_DISTRICT, VALUE 25.0, Build City Improvement
22, 6, LOC_CITY_NAME_ULM, , CONTRACT 475, SUBMITTED, UNIT_BUILDER, NO_BUILDING, NO_DISTRICT, VALUE 25.0, Build City Improvement
22, 7, LOC_CITY_NAME_AKSU, , CONTRACT 417, CANCELLED, UNIT_BUILDER, NO_BUILDING, NO_DISTRICT, VALUE 42.0, Build City Improvement
22, 7, LOC_CITY_NAME_AKSU, , , BUILDING_GRANARY, Default Specialization, , , Value 68.6
22, 7, LOC_CITY_NAME_QARAQORUM, , CONTRACT 479, SUBMITTED, UNIT_BUILDER, NO_BUILDING, NO_DISTRICT, VALUE 193.0, Build City Improvement
22, 7, LOC_CITY_NAME_AKSU, , CONTRACT 479, SUBMITTED, UNIT_BUILDER, NO_BUILDING, NO_DISTRICT, VALUE 193.0, Build City Improvement
22, 7, LOC_CITY_NAME_URUMQI, , CONTRACT 479, SUBMITTED, UNIT_BUILDER, NO_BUILDING, NO_DISTRICT, VALUE 193.0, Build City Improvement
22, 10, LOC_CITY_NAME_MEXICO_CITY, , CONTRACT 37, COMPLETED, NO_UNIT, BUILDING_MONUMENT, NO_DISTRICT, VALUE 82.3, Build City Building
22, 10, LOC_CITY_NAME_MEXICO_CITY, , , BUILDING_LYCEUM, Default Specialization, , , Value 66.3
22, 14, LOC_CITY_NAME_BANDAR_BRUNEI, , CONTRACT 487, SUBMITTED, UNIT_BUILDER, NO_BUILDING, NO_DISTRICT, VALUE 35.0, Build City Improvement
22, 15, LOC_CITY_NAME_VALLETTA, , CONTRACT 489, SUBMITTED, UNIT_BUILDER, NO_BUILDING, NO_DISTRICT, VALUE 45.0, Build City Improvement
22, 16, LOC_CITY_NAME_BABYLON, , CONTRACT 491, SUBMITTED, NO_UNIT, NO_BUILDING, DISTRICT_CAMPUS, VALUE 274.0, Build City District
22, 17, LOC_CITY_NAME_GENEVA, , CONTRACT 493, SUBMITTED, UNIT_BUILDER, NO_BUILDING, NO_DISTRICT, VALUE 14.0, Build City Improvement
22, 21, LOC_CITY_NAME_ANTANANARIVO, , CONTRACT 499, SUBMITTED, UNIT_BUILDER, NO_BUILDING, NO_DISTRICT, VALUE 45.0, Build City Improvement
22, 22, LOC_CITY_NAME_VILNIUS, , CONTRACT 502, SUBMITTED, UNIT_BUILDER, NO_BUILDING, NO_DISTRICT, VALUE 46.0, Build City Improvement
22, 24, LOC_CITY_NAME_KABUL, , CONTRACT 503, SUBMITTED, UNIT_BUILDER, NO_BUILDING, NO_DISTRICT, VALUE 66.0, Build City Improvement
22, 28, LOC_CITY_NAME_KANDY, , CONTRACT 510, SUBMITTED, UNIT_BUILDER, NO_BUILDING, NO_DISTRICT, VALUE 50.0, Build City Improvement
22, 31, LOC_CITY_NAME_BRUSSELS, , CONTRACT 514, SUBMITTED, UNIT_BUILDER, NO_BUILDING, NO_DISTRICT, VALUE 62.0, Build City Improvement
23, 1, LOC_CITY_NAME_MBANZA_NSUNDI, , , UNIT_WARRIOR, Default Specialization, , , Value 44.0
23, 1, LOC_CITY_NAME_MBAMBA, 2.00, 0.69, , YIELD_FOOD: 0.1, YIELD_PRODUCTION: 0.0, YIELD_GOLD: 0.0, YIELD_SCIENCE: 0.0, YIELD_CULTURE: -0.1, YIELD_FAITH: 0.0, , 
23, 1, LOC_CITY_NAME_MBAMBA, , , BUILDING_MONUMENT, Default Specialization, , , Value 90.2
23, 3, LOC_CITY_NAME_MEROE, , , UNIT_NUBIAN_PITATI, Default Specialization, , , Value 83.1
23, 4, LOC_CITY_NAME_ANGKOR_THOM, , , UNIT_HEAVY_CHARIOT, Default Specialization, , , Value 56.6
23, 6, LOC_CITY_NAME_AACHEN, , CONTRACT 390, IN PROGRESS, UNIT_BUILDER, NO_BUILDING, NO_DISTRICT, VALUE 7.0, Build City Improvement
23, 6, LOC_CITY_NAME_AACHEN, , CONTRACT 416, COMPLETED, UNIT_TRADER, NO_BUILDING, NO_DISTRICT, VALUE 85.0, Build Trigger Unit
23, 6, LOC_CITY_NAME_AACHEN, , , UNIT_BUILDER, Build City Improvement, CONTRACT 475
23, 6, LOC_CITY_NAME_ULM, , CONTRACT 227, COMPLETED, NO_UNIT, NO_BUILDING, DISTRICT_HOLY_SITE, VALUE 717.0, Build City District
23, 6, LOC_CITY_NAME_ULM, , CONTRACT 390, IN PROGRESS, UNIT_BUILDER, NO_BUILDING, NO_DISTRICT, VALUE 7.0, Build City Improvement
23, 6, LOC_CITY_NAME_ULM, , CONTRACT 416, COMPLETED, UNIT_TRADER, NO_BUILDING, NO_DISTRICT, VALUE 85.0, Build Trigger Unit
23, 6, LOC_CITY_NAME_ULM, , CONTRACT 475, IN PROGRESS, UNIT_BUILDER, NO_BUILDING, NO_DISTRICT, VALUE 25.0, Build City Improvement
23, 6, LOC_CITY_NAME_ULM, , , BUILDING_SHRINE, Default Specialization, , , Value 492.6
23, 6, LOC_CITY_NAME_ULM, , CONTRACT 521, SUBMITTED, UNIT_BUILDER, NO_BUILDING, NO_DISTRICT, VALUE 29.0, Build City Improvement
23, 6, LOC_CITY_NAME_HEIDELBERG, , CONTRACT 522, SUBMITTED, NO_UNIT, NO_BUILDING, DISTRICT_HOLY_SITE, VALUE 610.0, Build City District
23, 6, LOC_CITY_NAME_ULM, , CONTRACT 523, SUBMITTED, NO_UNIT, BUILDING_SHRINE, NO_DISTRICT, VALUE 492.0, Build City Building
23, 8, LOC_CITY_NAME_ROME, , , UNIT_HEAVY_CHARIOT, Default Specialization, , , Value 2.7
23, 9, LOC_CITY_NAME_BAD_TIBIRA, , CONTRACT 368, COMPLETED, NO_UNIT, BUILDING_LYCEUM, NO_DISTRICT, VALUE 195.9, Build City Building
23, 9, LOC_CITY_NAME_BAD_TIBIRA, , CONTRACT 420, IN PROGRESS, UNIT_SETTLER, NO_BUILDING, NO_DISTRICT, VALUE 495.6, Settle City Op
23, 9, LOC_CITY_NAME_BAD_TIBIRA, , , UNIT_BUILDER, Build City Improvement, CONTRACT 440
23, 10, LOC_CITY_NAME_MEXICO_CITY, , CONTRACT 531, SUBMITTED, NO_UNIT, BUILDING_GRANARY, NO_DISTRICT, VALUE 33.0, Build City Building
23, 11, LOC_CITY_NAME_NAN_MADOL, , CONTRACT 532, SUBMITTED, NO_UNIT, BUILDING_GRANARY, NO_DISTRICT, VALUE 96.0, Build City Building
23, 16, LOC_CITY_NAME_BABYLON, , CONTRACT 533, SUBMITTED, UNIT_BUILDER, NO_BUILDING, NO_DISTRICT, VALUE 45.0, Build City Improvement
23, 19, LOC_CITY_NAME_LA_VENTA, , CONTRACT 535, SUBMITTED, UNIT_ARCHER, NO_BUILDING, NO_DISTRICT, VALUE 46.0, Build City Building
24, 1, LOC_CITY_NAME_MBUMBI, , , UNIT_HEAVY_CHARIOT, Default Specialization, , , Value 90.3
24, 1, LOC_CITY_NAME_MBANZA_NSUNDI, , , BUILDING_WATER_MILL, Default Specialization, , , Value 134.1
24, 1, LOC_CITY_NAME_MBUMBI, , CONTRACT 537, SUBMITTED, UNIT_SETTLER, NO_BUILDING, NO_DISTRICT, VALUE 483.0, Settle City Op
24, 1, LOC_CITY_NAME_MBANZA_NSUNDI, , CONTRACT 537, SUBMITTED, UNIT_SETTLER, NO_BUILDING, NO_DISTRICT, VALUE 483.0, Settle City Op
24, 1, LOC_CITY_NAME_MBANZA_NSUNDI, , CONTRACT 540, SUBMITTED, NO_UNIT, BUILDING_WATER_MILL, NO_DISTRICT, VALUE 87.0, Build City Building
24, 1, LOC_CITY_NAME_MBAMBA, , CONTRACT 541, SUBMITTED, NO_UNIT, BUILDING_LYCEUM, NO_DISTRICT, VALUE 84.0, Build City Building
24, 2, LOC_CITY_NAME_ISTANBUL, , , BUILDING_SHRINE, Default Specialization, , , Value 713.2
24, 2, LOC_CITY_NAME_HALEP, , , BUILDING_WATER_MILL, Build City Building, CONTRACT 464
24, 3, LOC_CITY_NAME_KAWA, , CONTRACT 400, COMPLETED, UNIT_GALLEY, NO_BUILDING, NO_DISTRICT, VALUE 165.5, Build City Building
24, 3, LOC_CITY_NAME_KAWA, , , BUILDING_MONUMENT, Default Specialization, , , Value 103.4
24, 5, LOC_CITY_NAME_BUDA, , , DISTRICT_HOLY_SITE, Build City District, CONTRACT 473
24, 6, LOC_CITY_NAME_AACHEN, , CONTRACT 475, COMPLETED, UNIT_BUILDER, NO_BUILDING, NO_DISTRICT, VALUE 25.0, Build City Improvement
24, 6, LOC_CITY_NAME_AACHEN, , , UNIT_SCOUT, Default Specialization, , , Value 2.0
24, 6, LOC_CITY_NAME_FRANKFURT, 2.77, -3.93, , YIELD_FOOD: 0.1, YIELD_PRODUCTION: -0.1, YIELD_GOLD: 0.0, YIELD_SCIENCE: 0.0, YIELD_CULTURE: 0.0, YIELD_FAITH: 0.0, , 
24, 6, LOC_CITY_NAME_FRANKFURT, , , UNIT_GALLEY, Default Specialization, , , Value 93.2
24, 7, LOC_CITY_NAME_URUMQI, , CONTRACT 405, COMPLETED, UNIT_GALLEY, NO_BUILDING, NO_DISTRICT, VALUE 450.9, Build City Building
24, 7, LOC_CITY_NAME_URUMQI, , CONTRACT 417, CANCELLED, UNIT_BUILDER, NO_BUILDING, NO_DISTRICT, VALUE 42.0, Build City Improvement
24, 7, LOC_CITY_NAME_URUMQI, , , UNIT_BUILDER, Build City Improvement, CONTRACT 479
24, 7, LOC_CITY_NAME_QARAQOTO, -3.61, 0.92, , YIELD_FOOD: -0.1, YIELD_PRODUCTION: 0.1, YIELD_GOLD: 0.0, YIELD_SCIENCE: 0.0, YIELD_CULTURE: 0.0, YIELD_FAITH: 0.0, , 
24, 7, LOC_CITY_NAME_QARAQOTO, , , BUILDING_LYCEUM, Default Specialization, , , Value 32.6
24, 8, LOC_CITY_NAME_OSTIA, , , UNIT_HEAVY_CHARIOT, Default Specialization, , , Value 2.7
24, 9, LOC_CITY_NAME_URUK, , CONTRACT 420, COMPLETED, UNIT_SETTLER, NO_BUILDING, NO_DISTRICT, VALUE 495.6, Settle City Op
24, 9, LOC_CITY_NAME_URUK, , CONTRACT 440, IN PROGRESS, UNIT_BUILDER, NO_BUILDING, NO_DISTRICT, VALUE 109.0, Build City Improvement
24, 9, LOC_CITY_NAME_URUK, , , UNIT_BUILDER, Build City Improvement, CONTRACT 456
24, 9, LOC_CITY_NAME_URUK, , CONTRACT 555, SUBMITTED, NO_UNIT, NO_BUILDING, DISTRICT_CAMPUS, VALUE 484.0, Build City District
24, 11, LOC_CITY_NAME_NAN_MADOL, , , BUILDING_GRANARY, Build City Building, CONTRACT 532
24, 12, LOC_CITY_NAME_BOLOGNA, , CONTRACT 559, SUBMITTED, UNIT_BUILDER, NO_BUILDING, NO_DISTRICT, VALUE 34.0, Build City Improvement
24, 29, LOC_CITY_NAME_NGAZARGAMU, , CONTRACT 101, COMPLETED, NO_UNIT, BUILDING_MONUMENT, NO_DISTRICT, VALUE 82.3, Build City Building
24, 29, LOC_CITY_NAME_NGAZARGAMU, , , UNIT_BUILDER, Build City Improvement, CONTRACT 432
25, 0, LOC_CITY_NAME_MPINDA, 2.52, -4.40, , YIELD_FOOD: 0.1, YIELD_PRODUCTION: -0.1, YIELD_GOLD: 0.0, YIELD_SCIENCE: 0.0, YIELD_CULTURE: 0.0, YIELD_FAITH: 0.0, , 
25, 2, LOC_CITY_NAME_ISTANBUL, , CONTRACT 564, SUBMITTED, UNIT_BUILDER, NO_BUILDING, NO_DISTRICT, VALUE 94.0, Build City Improvement
25, 2, LOC_CITY_NAME_HALEP, , CONTRACT 564, SUBMITTED, UNIT_BUILDER, NO_BUILDING, NO_DISTRICT, VALUE 94.0, Build City Improvement
25, 2, LOC_CITY_NAME_ISTANBUL, , CONTRACT 565, SUBMITTED, NO_UNIT, NO_BUILDING, DISTRICT_ENCAMPMENT, VALUE 666.0, Build City District
25, 3, LOC_CITY_NAME_MEROE, , , UNIT_GALLEY, Default Specialization, , , Value 81.5
25, 3, LOC_CITY_NAME_KERMA, , CONTRACT 312, COMPLETED, UNIT_SETTLER, NO_BUILDING, NO_DISTRICT, VALUE 534.6, Settle City Op
25, 3, LOC_CITY_NAME_KERMA, , , BUILDING_MONUMENT, Default Specialization, , , Value 98.2
25, 3, LOC_CITY_NAME_MEROE, , CONTRACT 569, SUBMITTED, UNIT_BUILDER, NO_BUILDING, NO_DISTRICT, VALUE 79.0, Build City Improvement
25, 3, LOC_CITY_NAME_KERMA, , CONTRACT 569, SUBMITTED, UNIT_BUILDER, NO_BUILDING, NO_DISTRICT, VALUE 79.0, Build City Improvement
25, 3, LOC_CITY_NAME_KAWA, , CONTRACT 569, SUBMITTED, UNIT_BUILDER, NO_BUILDING, NO_DISTRICT, VALUE 79.0, Build City Improvement
25, 3, LOC_CITY_NAME_MEROE, , CONTRACT 570, SUBMITTED, UNIT_BUILDER, NO_BUILDING, NO_DISTRICT, VALUE 98.0, Build City Improvement
25, 3, LOC_CITY_NAME_KERMA, , CONTRACT 570, SUBMITTED, UNIT_BUILDER, NO_BUILDING, NO_DISTRICT, VALUE 98.0, Build City Improvement
25, 3, LOC_CITY_NAME_KAWA, , CONTRACT 570, SUBMITTED, UNIT_BUILDER, NO_BUILDING, NO_DISTRICT, VALUE 98.0, Build City Improvement
25, 6, LOC_CITY_NAME_AACHEN, , , UNIT_SCOUT, Default Specialization, , , Value 2.0
25, 6, LOC_CITY_NAME_HEIDELBERG, , CONTRACT 390, COMPLETED, UNIT_BUILDER, NO_BUILDING, NO_DISTRICT, VALUE 7.0, Build City Improvement
25, 6, LOC_CITY_NAME_HEIDELBERG, , , DISTRICT_HOLY_SITE, Build City District, CONTRACT 522
25, 6, LOC_CITY_NAME_FRANKFURT, , CONTRACT 572, SUBMITTED, UNIT_GALLEY, NO_BUILDING, NO_DISTRICT, VALUE 327.0, Build City Building
25, 6, LOC_CITY_NAME_FRANKFURT, , CONTRACT 573, SUBMITTED, NO_UNIT, NO_BUILDING, DISTRICT_HOLY_SITE, VALUE 510.0, Build City District
25, 6, LOC_CITY_NAME_AACHEN, , CONTRACT 574, SUBMITTED, UNIT_BUILDER, NO_BUILDING, NO_DISTRICT, VALUE 39.0, Build City Improvement
25, 6, LOC_CITY_NAME_ULM, , CONTRACT 574, SUBMITTED, UNIT_BUILDER, NO_BUILDING, NO_DISTRICT, VALUE 39.0, Build City Improvement
25, 6, LOC_CITY_NAME_HEIDELBERG, , CONTRACT 574, SUBMITTED, UNIT_BUILDER, NO_BUILDING, NO_DISTRICT, VALUE 39.0, Build City Improvement
25, 6, LOC_CITY_NAME_FRANKFURT, , CONTRACT 574, SUBMITTED, UNIT_BUILDER, NO_BUILDING, NO_DISTRICT, VALUE 39.0, Build City Improvement
25, 7, LOC_CITY_NAME_QARAQORUM, , CONTRACT 576, SUBMITTED, UNIT_SETTLER, NO_BUILDING, NO_DISTRICT, VALUE 462.0, Settle City Op
25, 7, LOC_CITY_NAME_AKSU, , CONTRACT 576, SUBMITTED, UNIT_SETTLER, NO_BUILDING, NO_DISTRICT, VALUE 462.0, Settle City Op
25, 7, LOC_CITY_NAME_URUMQI, , CONTRACT 576, SUBMITTED, UNIT_SETTLER, NO_BUILDING, NO_DISTRICT, VALUE 462.0, Settle City Op
25, 7, LOC_CITY_NAME_QARAQOTO, , CONTRACT 579, SUBMITTED, NO_UNIT, NO_BUILDING, DISTRICT_HOLY_SITE, VALUE 457.0, Build City District
25, 7, LOC_CITY_NAME_QARAQORUM, , CONTRACT 580, SUBMITTED, UNIT_BUILDER, NO_BUILDING, NO_DISTRICT, VALUE 41.0, Build City Improvement
25, 7, LOC_CITY_NAME_AKSU, , CONTRACT 580, SUBMITTED, UNIT_BUILDER, NO_BUILDING, NO_DISTRICT, VALUE 41.0, Build City Improvement
25, 7, LOC_CITY_NAME_QARAQOTO, , CONTRACT 580, SUBMITTED, UNIT_BUILDER, NO_BUILDING, NO_DISTRICT, VALUE 41.0, Build City Improvement
25, 8, LOC_CITY_NAME_ROME, , , UNIT_HEAVY_CHARIOT, Default Specialization, , , Value 2.6
25, 9, LOC_CITY_NAME_URUK, , CONTRACT 455, CANCELLED, UNIT_BUILDER, NO_BUILDING, NO_DISTRICT, VALUE 103.0, Build City Improvement
25, 9, LOC_CITY_NAME_URUK, , CONTRACT 456, COMPLETED, UNIT_BUILDER, NO_BUILDING, NO_DISTRICT, VALUE 108.0, Build City Improvement
25, 9, LOC_CITY_NAME_URUK, , , DISTRICT_CAMPUS, Build City District, CONTRACT 555
25, 17, LOC_CITY_NAME_GENEVA, , CONTRACT 199, COMPLETED, NO_UNIT, BUILDING_MONUMENT, NO_DISTRICT, VALUE 82.3, Build City Building
25, 17, LOC_CITY_NAME_GENEVA, , , UNIT_ARCHER, Default Specialization, , , Value 79.1
25, 26, LOC_CITY_NAME_MOHENJO_DARO, , CONTRACT 584, SUBMITTED, UNIT_BUILDER, NO_BUILDING, NO_DISTRICT, VALUE 14.0, Build City Improvement
25, 30, LOC_CITY_NAME_HONG_KONG, , CONTRACT 209, COMPLETED, NO_UNIT, BUILDING_MONUMENT, NO_DISTRICT, VALUE 82.3, Build City Building
25, 30, LOC_CITY_NAME_HONG_KONG, , , BUILDING_GRANARY, Default Specialization, , , Value 62.1
26, 1, LOC_CITY_NAME_MBUMBI, , , UNIT_SETTLER, Settle City Op, CONTRACT 537
26, 1, LOC_CITY_NAME_KWILA, , , BUILDING_GRANARY, Default Specialization, , , Value 93.4
26, 2, LOC_CITY_NAME_ISTANBUL, , , DISTRICT_ENCAMPMENT, Build City District, CONTRACT 565
26, 3, PURCHASE, , , UNIT_BUILDER, Build City Improvement, CONTRACT 569
26, 3, LOC_CITY_NAME_MEROE, , CONTRACT 587, SUBMITTED, UNIT_NUBIAN_PITATI, NO_BUILDING, NO_DISTRICT, VALUE 367.0, Siege City Assault
26, 3, LOC_CITY_NAME_KERMA, , CONTRACT 587, SUBMITTED, UNIT_NUBIAN_PITATI, NO_BUILDING, NO_DISTRICT, VALUE 367.0, Siege City Assault
26, 3, LOC_CITY_NAME_KAWA, , CONTRACT 587, SUBMITTED, UNIT_NUBIAN_PITATI, NO_BUILDING, NO_DISTRICT, VALUE 367.0, Siege City Assault
26, 6, LOC_CITY_NAME_AACHEN, , , UNIT_BUILDER, Build City Improvement, CONTRACT 574
26, 6, LOC_CITY_NAME_FRANKFURT, , CONTRACT 574, IN PROGRESS, UNIT_BUILDER, NO_BUILDING, NO_DISTRICT, VALUE 39.0, Build City Improvement
26, 6, LOC_CITY_NAME_FRANKFURT, , , DISTRICT_HOLY_SITE, Build City District, CONTRACT 573
26, 6, LOC_CITY_NAME_AACHEN, , CONTRACT 590, SUBMITTED, UNIT_SETTLER, NO_BUILDING, NO_DISTRICT, VALUE 593.0, Settle City Op
26, 6, LOC_CITY_NAME_ULM, , CONTRACT 590, SUBMITTED, UNIT_SETTLER, NO_BUILDING, NO_DISTRICT, VALUE 593.0, Settle City Op
26, 7, LOC_CITY_NAME_QARAQORUM, , CONTRACT 349, COMPLETED, NO_UNIT, NO_BUILDING, DISTRICT_HOLY_SITE, VALUE 614.2, Build City District
26, 7, LOC_CITY_NAME_QARAQORUM, , CONTRACT 479, CANCELLED, UNIT_BUILDER, NO_BUILDING, NO_DISTRICT, VALUE 193.0, Build City Improvement
26, 7, LOC_CITY_NAME_QARAQORUM, , , UNIT_SETTLER, Settle City Op, CONTRACT 576
26, 7, LOC_CITY_NAME_URUMQI, , CONTRACT 479, CANCELLED, UNIT_BUILDER, NO_BUILDING, NO_DISTRICT, VALUE 193.0, Build City Improvement
26, 7, LOC_CITY_NAME_URUMQI, , CONTRACT 576, IN PROGRESS, UNIT_SETTLER, NO_BUILDING, NO_DISTRICT, VALUE 462.0, Settle City Op
26, 7, LOC_CITY_NAME_URUMQI, , , UNIT_GALLEY, Default Specialization, , , Value 152.8
26, 7, LOC_CITY_NAME_QARAQOTO, , , DISTRICT_HOLY_SITE, Build City District, CONTRACT 579
26, 7, LOC_CITY_NAME_QARAQORUM, , CONTRACT 594, SUBMITTED, UNIT_BUILDER, NO_BUILDING, NO_DISTRICT, VALUE 14.0, Build City Improvement
26, 7, LOC_CITY_NAME_AKSU, , CONTRACT 594, SUBMITTED, UNIT_BUILDER, NO_BUILDING, NO_DISTRICT, VALUE 14.0, Build City Improvement
26, 7, LOC_CITY_NAME_URUMQI, , CONTRACT 594, SUBMITTED, UNIT_BUILDER, NO_BUILDING, NO_DISTRICT, VALUE 14.0, Build City Improvement
26, 7, LOC_CITY_NAME_QARAQOTO, , CONTRACT 594, SUBMITTED, UNIT_BUILDER, NO_BUILDING, NO_DISTRICT, VALUE 14.0, Build City Improvement
26, 7, LOC_CITY_NAME_QARAQORUM, , CONTRACT 595, SUBMITTED, UNIT_TRADER, NO_BUILDING, NO_DISTRICT, VALUE 37.0, Build Trigger Unit
26, 7, LOC_CITY_NAME_AKSU, , CONTRACT 595, SUBMITTED, UNIT_TRADER, NO_BUILDING, NO_DISTRICT, VALUE 37.0, Build Trigger Unit
26, 7, LOC_CITY_NAME_URUMQI, , CONTRACT 595, SUBMITTED, UNIT_TRADER, NO_BUILDING, NO_DISTRICT, VALUE 37.0, Build Trigger Unit
26, 7, LOC_CITY_NAME_QARAQOTO, , CONTRACT 595, SUBMITTED, UNIT_TRADER, NO_BUILDING, NO_DISTRICT, VALUE 37.0, Build Trigger Unit
26, 8, LOC_CITY_NAME_OSTIA, , , UNIT_HEAVY_CHARIOT, Default Specialization, , , Value 2.6
26, 8, LOC_CITY_NAME_ROME, , CONTRACT 596, SUBMITTED, UNIT_BUILDER, NO_BUILDING, NO_DISTRICT, VALUE 41.0, Build City Improvement
26, 8, LOC_CITY_NAME_OSTIA, , CONTRACT 596, SUBMITTED, UNIT_BUILDER, NO_BUILDING, NO_DISTRICT, VALUE 41.0, Build City Improvement
26, 9, LOC_CITY_NAME_BAD_TIBIRA, , CONTRACT 440, CANCELLED, UNIT_BUILDER, NO_BUILDING, NO_DISTRICT, VALUE 109.0, Build City Improvement
26, 9, LOC_CITY_NAME_BAD_TIBIRA, , , BUILDING_MONUMENT, Default Specialization, , , Value 77.3
26, 9, LOC_CITY_NAME_UR, , CONTRACT 597, SUBMITTED, NO_UNIT, BUILDING_GRANARY, NO_DISTRICT, VALUE 92.0, Build City Building
26, 9, LOC_CITY_NAME_URUK, , CONTRACT 598, SUBMITTED, UNIT_BUILDER, NO_BUILDING, NO_DISTRICT, VALUE 96.0, Build City Improvement
26, 9, LOC_CITY_NAME_BAD_TIBIRA, , CONTRACT 598, SUBMITTED, UNIT_BUILDER, NO_BUILDING, NO_DISTRICT, VALUE 96.0, Build City Improvement
26, 9, LOC_CITY_NAME_UR, , CONTRACT 598, SUBMITTED, UNIT_BUILDER, NO_BUILDING, NO_DISTRICT, VALUE 96.0, Build City Improvement
26, 17, LOC_CITY_NAME_GENEVA, , CONTRACT 599, SUBMITTED, UNIT_ARCHER, NO_BUILDING, NO_DISTRICT, VALUE 83.0, Build City Building
26, 18, LOC_CITY_NAME_ANTIOCH, , CONTRACT 374, COMPLETED, NO_UNIT, BUILDING_GRANARY, NO_DISTRICT, VALUE 186.3, Build City Building
26, 18, LOC_CITY_NAME_ANTIOCH, , , PROJECT_REPAIR_OUTER_DEFENSES, Default Specialization, , , Value 472.5
26, 27, LOC_CITY_NAME_LISBON, , CONTRACT 95, COMPLETED, NO_UNIT, BUILDING_MONUMENT, NO_DISTRICT, VALUE 82.3, Build City Building
26, 27, LOC_CITY_NAME_LISBON, , , BUILDING_GRANARY, Default Specialization, , , Value 78.7
26, 30, LOC_CITY_NAME_HONG_KONG, , CONTRACT 603, SUBMITTED, UNIT_BUILDER, NO_BUILDING, NO_DISTRICT, VALUE 45.0, Build City Improvement
27, 1, LOC_CITY_NAME_MBUMBI, , CONTRACT 605, SUBMITTED, UNIT_BUILDER, NO_BUILDING, NO_DISTRICT, VALUE 20.0, Build City Improvement
27, 1, LOC_CITY_NAME_MBANZA_NSUNDI, , CONTRACT 605, SUBMITTED, UNIT_BUILDER, NO_BUILDING, NO_DISTRICT, VALUE 20.0, Build City Improvement
27, 1, LOC_CITY_NAME_KWILA, , CONTRACT 605, SUBMITTED, UNIT_BUILDER, NO_BUILDING, NO_DISTRICT, VALUE 20.0, Build City Improvement
27, 1, LOC_CITY_NAME_MBAMBA, , CONTRACT 605, SUBMITTED, UNIT_BUILDER, NO_BUILDING, NO_DISTRICT, VALUE 20.0, Build City Improvement
27, 2, LOC_CITY_NAME_HALEP, , CONTRACT 464, COMPLETED, NO_UNIT, BUILDING_WATER_MILL, NO_DISTRICT, VALUE 267.7, Build City Building
27, 2, LOC_CITY_NAME_HALEP, , , UNIT_SCOUT, Default Specialization, , , Value 103.4
27, 4, LOC_CITY_NAME_ANGKOR_THOM, , , UNIT_HEAVY_CHARIOT, Default Specialization, , , Value 37.4
27, 5, LOC_CITY_NAME_BUDA, , CONTRACT 473, COMPLETED, NO_UNIT, NO_BUILDING, DISTRICT_HOLY_SITE, VALUE 1009.7, Build City District
27, 5, LOC_CITY_NAME_BUDA, , , BUILDING_SHRINE, Default Specialization, , , Value 554.4
27, 6, LOC_CITY_NAME_ULM, , CONTRACT 612, SUBMITTED, UNIT_BUILDER, NO_BUILDING, NO_DISTRICT, VALUE 73.0, Build City Improvement
27, 6, LOC_CITY_NAME_HEIDELBERG, , CONTRACT 612, SUBMITTED, UNIT_BUILDER, NO_BUILDING, NO_DISTRICT, VALUE 73.0, Build City Improvement
27, 6, LOC_CITY_NAME_FRANKFURT, , CONTRACT 612, SUBMITTED, UNIT_BUILDER, NO_BUILDING, NO_DISTRICT, VALUE 73.0, Build City Improvement
27, 8, PURCHASE, , , UNIT_BUILDER, Build City Improvement, CONTRACT 596
27, 8, LOC_CITY_NAME_ROME, , CONTRACT 596, COMPLETED, UNIT_BUILDER, NO_BUILDING, NO_DISTRICT, VALUE 41.0, Build City Improvement
27, 8, LOC_CITY_NAME_ROME, , , UNIT_HEAVY_CHARIOT, Default Specialization, , , Value 2.6
27, 9, LOC_CITY_NAME_UR, , , BUILDING_GRANARY, Build City Building, CONTRACT 597
27, 17, LOC_CITY_NAME_GENEVA, , , UNIT_ARCHER, Build City Building, CONTRACT 599
27, 18, LOC_CITY_NAME_ANTIOCH, , , UNIT_ARCHER, Default Specialization, , , Value 73.6
27, 18, LOC_CITY_NAME_ANTIOCH, , CONTRACT 616, SUBMITTED, UNIT_ARCHER, NO_BUILDING, NO_DISTRICT, VALUE 73.0, Build City Building
27, 27, LOC_CITY_NAME_LISBON, , CONTRACT 617, SUBMITTED, UNIT_GALLEY, NO_BUILDING, NO_DISTRICT, VALUE 46.0, Build City Building
28, 0, LOC_CITY_NAME_MBANZA_MPANGU, -1.82, 2.77, , YIELD_FOOD: -0.1, YIELD_PRODUCTION: 0.1, YIELD_GOLD: 0.0, YIELD_SCIENCE: 0.0, YIELD_CULTURE: 0.0, YIELD_FAITH: 0.0, , 
28, 1, LOC_CITY_NAME_MBANZA_NSUNDI, , CONTRACT 537, IN PROGRESS, UNIT_SETTLER, NO_BUILDING, NO_DISTRICT, VALUE 483.0, Settle City Op
28, 1, LOC_CITY_NAME_MBANZA_NSUNDI, , CONTRACT 540, ACCEPTED, NO_UNIT, BUILDING_WATER_MILL, NO_DISTRICT, VALUE 87.0, Build City Building
28, 1, LOC_CITY_NAME_MBANZA_NSUNDI, , , UNIT_HEAVY_CHARIOT, Default Specialization, , , Value 47.5
28, 1, LOC_CITY_NAME_MBUMBI, , CONTRACT 619, SUBMITTED, UNIT_BUILDER, NO_BUILDING, NO_DISTRICT, VALUE 20.0, Build City Improvement
28, 1, LOC_CITY_NAME_MBANZA_NSUNDI, , CONTRACT 619, SUBMITTED, UNIT_BUILDER, NO_BUILDING, NO_DISTRICT, VALUE 20.0, Build City Improvement
28, 1, LOC_CITY_NAME_KWILA, , CONTRACT 619, SUBMITTED, UNIT_BUILDER, NO_BUILDING, NO_DISTRICT, VALUE 20.0, Build City Improvement
28, 1, LOC_CITY_NAME_MBAMBA, , CONTRACT 619, SUBMITTED, UNIT_BUILDER, NO_BUILDING, NO_DISTRICT, VALUE 20.0, Build City Improvement
28, 2, LOC_CITY_NAME_HALEP, , , UNIT_BUILDER, Build City Improvement, CONTRACT 564
28, 3, LOC_CITY_NAME_MEROE, , CONTRACT 446, CANCELLED, UNIT_BUILDER, NO_BUILDING, NO_DISTRICT, VALUE 27.0, Build City Improvement
28, 3, LOC_CITY_NAME_MEROE, , , UNIT_NUBIAN_PITATI, Siege City Assault, CONTRACT 587
28, 3, LOC_CITY_NAME_KAWA, , CONTRACT 446, CANCELLED, UNIT_BUILDER, NO_BUILDING, NO_DISTRICT, VALUE 27.0, Build City Improvement
28, 3, LOC_CITY_NAME_KAWA, , CONTRACT 587, IN PROGRESS, UNIT_NUBIAN_PITATI, NO_BUILDING, NO_DISTRICT, VALUE 367.0, Siege City Assault
28, 3, LOC_CITY_NAME_KAWA, , , UNIT_HEAVY_CHARIOT, Default Specialization, , , Value 112.0
28, 3, LOC_CITY_NAME_KERMA, , CONTRACT 622, SUBMITTED, NO_UNIT, NO_BUILDING, DISTRICT_HOLY_SITE, VALUE 687.0, Build City District
28, 3, LOC_CITY_NAME_KAWA, , CONTRACT 623, SUBMITTED, NO_UNIT, NO_BUILDING, DISTRICT_HOLY_SITE, VALUE 757.0, Build City District
28, 7, LOC_CITY_NAME_AKSU, , CONTRACT 576, IN PROGRESS, UNIT_SETTLER, NO_BUILDING, NO_DISTRICT, VALUE 510.1, Settle City Op
28, 7, LOC_CITY_NAME_AKSU, , , UNIT_BUILDER, Build City Improvement, CONTRACT 580
28, 9, LOC_CITY_NAME_URUK, , CONTRACT 555, COMPLETED, NO_UNIT, NO_BUILDING, DISTRICT_CAMPUS, VALUE 651.8, Build City District
28, 9, LOC_CITY_NAME_URUK, , , UNIT_BUILDER, Build City Improvement, CONTRACT 598
28, 19, LOC_CITY_NAME_LA_VENTA, , CONTRACT 630, SUBMITTED, NO_UNIT, NO_BUILDING, DISTRICT_HOLY_SITE, VALUE 490.0, Build City District
28, 20, LOC_CITY_NAME_CAHOKIA, , CONTRACT 376, COMPLETED, NO_UNIT, BUILDING_MONUMENT, NO_DISTRICT, VALUE 82.3, Build City Building
28, 20, LOC_CITY_NAME_CAHOKIA, , , BUILDING_GRANARY, Default Specialization, , , Value 182.4
28, 30, LOC_CITY_NAME_HONG_KONG, , CONTRACT 631, SUBMITTED, UNIT_ARCHER, NO_BUILDING, NO_DISTRICT, VALUE 54.0, Build City Building
29, 1, LOC_CITY_NAME_MBAMBA, , , BUILDING_LYCEUM, Build City Building, CONTRACT 541
29, 1, LOC_CITY_NAME_MBUMBI, , CONTRACT 632, SUBMITTED, UNIT_BUILDER, NO_BUILDING, NO_DISTRICT, VALUE 52.0, Build City Improvement
29, 1, LOC_CITY_NAME_MBANZA_NSUNDI, , CONTRACT 632, SUBMITTED, UNIT_BUILDER, NO_BUILDING, NO_DISTRICT, VALUE 52.0, Build City Improvement
29, 1, LOC_CITY_NAME_KWILA, , CONTRACT 632, SUBMITTED, UNIT_BUILDER, NO_BUILDING, NO_DISTRICT, VALUE 52.0, Build City Improvement
29, 1, LOC_CITY_NAME_MBAMBA, , CONTRACT 632, SUBMITTED, UNIT_BUILDER, NO_BUILDING, NO_DISTRICT, VALUE 52.0, Build City Improvement
29, 2, LOC_CITY_NAME_ISTANBUL, , CONTRACT 564, IN PROGRESS, UNIT_BUILDER, NO_BUILDING, NO_DISTRICT, VALUE 94.0, Build City Improvement
29, 2, LOC_CITY_NAME_ISTANBUL, , CONTRACT 565, COMPLETED, NO_UNIT, NO_BUILDING, DISTRICT_ENCAMPMENT, VALUE 765.9, Build City District
29, 2, LOC_CITY_NAME_ISTANBUL, , , BUILDING_BARRACKS, Default Specialization, , , Value 477.5
29, 2, FAITH PURCHASE, , , UNIT_MISSIONARY, Unknown, CONTRACT 621
29, 5, LOC_CITY_NAME_BUDA, , , PROJECT_ENHANCE_DISTRICT_HOLY_SITE, Default Specialization, , , Value 7.3
29, 6, LOC_CITY_NAME_AACHEN, , CONTRACT 574, COMPLETED, UNIT_BUILDER, NO_BUILDING, NO_DISTRICT, VALUE 39.0, Build City Improvement
29, 6, LOC_CITY_NAME_AACHEN, , , UNIT_SETTLER, Settle City Op, CONTRACT 590
29, 6, LOC_CITY_NAME_ULM, , CONTRACT 521, CANCELLED, UNIT_BUILDER, NO_BUILDING, NO_DISTRICT, VALUE 29.0, Build City Improvement
29, 6, LOC_CITY_NAME_ULM, , CONTRACT 523, ACCEPTED, NO_UNIT, BUILDING_SHRINE, NO_DISTRICT, VALUE 492.0, Build City Building
29, 6, LOC_CITY_NAME_ULM, , CONTRACT 574, COMPLETED, UNIT_BUILDER, NO_BUILDING, NO_DISTRICT, VALUE 39.0, Build City Improvement
29, 6, LOC_CITY_NAME_ULM, , CONTRACT 590, IN PROGRESS, UNIT_SETTLER, NO_BUILDING, NO_DISTRICT, VALUE 593.0, Settle City Op
29, 6, LOC_CITY_NAME_ULM, , , UNIT_BUILDER, Build City Improvement, CONTRACT 612
29, 7, LOC_CITY_NAME_QARAQORUM, , CONTRACT 642, SUBMITTED, UNIT_BUILDER, NO_BUILDING, NO_DISTRICT, VALUE 83.0, Build City Improvement
29, 7, LOC_CITY_NAME_URUMQI, , CONTRACT 642, SUBMITTED, UNIT_BUILDER, NO_BUILDING, NO_DISTRICT, VALUE 83.0, Build City Improvement
29, 7, LOC_CITY_NAME_QARAQOTO, , CONTRACT 642, SUBMITTED, UNIT_BUILDER, NO_BUILDING, NO_DISTRICT, VALUE 83.0, Build City Improvement
29, 8, LOC_CITY_NAME_ROME, , , UNIT_HEAVY_CHARIOT, Default Specialization, , , Value 2.4
29, 8, LOC_CITY_NAME_OSTIA, , , UNIT_HEAVY_CHARIOT, Default Specialization, , , Value 2.4
29, 9, LOC_CITY_NAME_ERIDU, -2.07, -3.47, , YIELD_FOOD: 0.0, YIELD_PRODUCTION: -0.1, YIELD_GOLD: 0.0, YIELD_SCIENCE: 0.1, YIELD_CULTURE: 0.0, YIELD_FAITH: 0.0, , 
29, 9, LOC_CITY_NAME_ERIDU, , , BUILDING_LYCEUM, Default Specialization, , , Value 84.9
29, 12, LOC_CITY_NAME_BOLOGNA, , CONTRACT 397, COMPLETED, NO_UNIT, BUILDING_GRANARY, NO_DISTRICT, VALUE 157.4, Build City Building
29, 12, LOC_CITY_NAME_BOLOGNA, , , UNIT_BUILDER, Build City Improvement, CONTRACT 559
29, 18, LOC_CITY_NAME_ANTIOCH, , , UNIT_ARCHER, Build City Building, CONTRACT 616
29, 21, LOC_CITY_NAME_ANTANANARIVO, , CONTRACT 377, COMPLETED, NO_UNIT, BUILDING_MONUMENT, NO_DISTRICT, VALUE 82.3, Build City Building
29, 21, LOC_CITY_NAME_ANTANANARIVO, , , UNIT_GALLEY, Default Specialization, , , Value 66.6
29, 23, LOC_CITY_NAME_GRANADA, , , UNIT_TRADER, Default Specialization, , , Value 134.0
29, 23, LOC_CITY_NAME_GRANADA, , CONTRACT 648, SUBMITTED, UNIT_HEAVY_CHARIOT, NO_BUILDING, NO_DISTRICT, VALUE 47.0, Build City Building
29, 23, LOC_CITY_NAME_GRANADA, , CONTRACT 649, SUBMITTED, UNIT_BUILDER, NO_BUILDING, NO_DISTRICT, VALUE 64.0, Build City Improvement
29, 26, LOC_CITY_NAME_MOHENJO_DARO, , CONTRACT 381, COMPLETED, NO_UNIT, BUILDING_MONUMENT, NO_DISTRICT, VALUE 82.3, Build City Building
29, 26, LOC_CITY_NAME_MOHENJO_DARO, , , UNIT_TRADER, Default Specialization, , , Value 154.8
29, 29, LOC_CITY_NAME_NGAZARGAMU, , CONTRACT 432, COMPLETED, UNIT_BUILDER, NO_BUILDING, NO_DISTRICT, VALUE 41.0, Build City Improvement
29, 29, LOC_CITY_NAME_NGAZARGAMU, , , BUILDING_LYCEUM, Default Specialization, , , Value 57.5
30, 1, LOC_CITY_NAME_MBANZA_NSUNDI, , , UNIT_TRADER, Default Specialization, , , Value 568.5
30, 2, LOC_CITY_NAME_HALEP, , CONTRACT 564, COMPLETED, UNIT_BUILDER, NO_BUILDING, NO_DISTRICT, VALUE 94.0, Build City Improvement
30, 2, LOC_CITY_NAME_HALEP, , , UNIT_TRADER, Default Specialization, , , Value 227.0
30, 2, LOC_CITY_NAME_ISTANBUL, , CONTRACT 653, SUBMITTED, UNIT_BUILDER, NO_BUILDING, NO_DISTRICT, VALUE 106.0, Build City Improvement
30, 2, LOC_CITY_NAME_HALEP, , CONTRACT 653, SUBMITTED, UNIT_BUILDER, NO_BUILDING, NO_DISTRICT, VALUE 106.0, Build City Improvement
30, 3, LOC_CITY_NAME_MEROE, , CONTRACT 587, COMPLETED, UNIT_NUBIAN_PITATI, NO_BUILDING, NO_DISTRICT, VALUE 367.0, Siege City Assault
30, 3, LOC_CITY_NAME_MEROE, , , UNIT_NUBIAN_PITATI, Default Specialization, , , Value 100.6
30, 3, LOC_CITY_NAME_KERMA, , CONTRACT 446, CANCELLED, UNIT_BUILDER, NO_BUILDING, NO_DISTRICT, VALUE 27.0, Build City Improvement
30, 3, LOC_CITY_NAME_KERMA, , CONTRACT 587, COMPLETED, UNIT_NUBIAN_PITATI, NO_BUILDING, NO_DISTRICT, VALUE 367.0, Siege City Assault
30, 3, LOC_CITY_NAME_KERMA, , , DISTRICT_HOLY_SITE, Build City District, CONTRACT 622
30, 3, LOC_CITY_NAME_KAWA, , , UNIT_BUILDER, Build City Improvement, CONTRACT 570
30, 3, LOC_CITY_NAME_MEROE, , CONTRACT 656, SUBMITTED, UNIT_NUBIAN_PITATI, NO_BUILDING, NO_DISTRICT, VALUE 367.0, Siege City Assault
30, 3, LOC_CITY_NAME_KERMA, , CONTRACT 656, SUBMITTED, UNIT_NUBIAN_PITATI, NO_BUILDING, NO_DISTRICT, VALUE 367.0, Siege City Assault
30, 3, LOC_CITY_NAME_KAWA, , CONTRACT 656, SUBMITTED, UNIT_NUBIAN_PITATI, NO_BUILDING, NO_DISTRICT, VALUE 367.0, Siege City Assault
30, 3, LOC_CITY_NAME_MEROE, , CONTRACT 657, SUBMITTED, UNIT_BUILDER, NO_BUILDING, NO_DISTRICT, VALUE 72.0, Build City Improvement
30, 3, LOC_CITY_NAME_KERMA, , CONTRACT 657, SUBMITTED, UNIT_BUILDER, NO_BUILDING, NO_DISTRICT, VALUE 72.0, Build City Improvement
30, 6, LOC_CITY_NAME_ULM, Canceling current build, OLD VALUE 73.0
30, 6, LOC_CITY_NAME_ULM, , CONTRACT 612, FAILED, UNIT_BUILDER, NO_BUILDING, NO_DISTRICT, VALUE 73.0, Build City Improvement
30, 6, LOC_CITY_NAME_ULM, , , , Generic Offense
30, 6, LOC_CITY_NAME_AACHEN, , CONTRACT 663, SUBMITTED, UNIT_BUILDER, NO_BUILDING, NO_DISTRICT, VALUE 13.0, Build City Improvement
30, 6, LOC_CITY_NAME_HEIDELBERG, , CONTRACT 663, SUBMITTED, UNIT_BUILDER, NO_BUILDING, NO_DISTRICT, VALUE 13.0, Build City Improvement
30, 6, LOC_CITY_NAME_FRANKFURT, , CONTRACT 663, SUBMITTED, UNIT_BUILDER, NO_BUILDING, NO_DISTRICT, VALUE 13.0, Build City Improvement
30, 7, LOC_CITY_NAME_QARAQORUM, , CONTRACT 665, SUBMITTED, NO_UNIT, BUILDING_SHRINE, NO_DISTRICT, VALUE 581.0, Build City Building
30, 8, LOC_CITY_NAME_ROME, , CONTRACT 666, SUBMITTED, UNIT_CATAPULT, NO_BUILDING, NO_DISTRICT, VALUE 804.0, Siege City Assault
30, 8, LOC_CITY_NAME_OSTIA, , CONTRACT 666, SUBMITTED, UNIT_CATAPULT, NO_BUILDING, NO_DISTRICT, VALUE 804.0, Siege City Assault
30, 9, LOC_CITY_NAME_URUK, , , BUILDING_LIBRARY, Default Specialization, , , Value 554.5
30, 9, LOC_CITY_NAME_BAD_TIBIRA, , , BUILDING_GRANARY, Default Specialization, , , Value 121.1
30, 9, LOC_CITY_NAME_URUK, , CONTRACT 667, SUBMITTED, UNIT_SETTLER, NO_BUILDING, NO_DISTRICT, VALUE 603.0, Settle City Op
30, 9, LOC_CITY_NAME_BAD_TIBIRA, , CONTRACT 667, SUBMITTED, UNIT_SETTLER, NO_BUILDING, NO_DISTRICT, VALUE 603.0, Settle City Op
30, 9, LOC_CITY_NAME_UR, , CONTRACT 667, SUBMITTED, UNIT_SETTLER, NO_BUILDING, NO_DISTRICT, VALUE 603.0, Settle City Op
30, 9, LOC_CITY_NAME_ERIDU, , CONTRACT 669, SUBMITTED, NO_UNIT, BUILDING_MONUMENT, NO_DISTRICT, VALUE 100.0, Build City Building
30, 9, LOC_CITY_NAME_ERIDU, , CONTRACT 670, SUBMITTED, NO_UNIT, NO_BUILDING, DISTRICT_CAMPUS, VALUE 712.0, Build City District
30, 10, LOC_CITY_NAME_MEXICO_CITY, , CONTRACT 671, SUBMITTED, NO_UNIT, BUILDING_GRANARY, NO_DISTRICT, VALUE 87.0, Build City Building
30, 12, LOC_CITY_NAME_BOLOGNA, , CONTRACT 672, SUBMITTED, NO_UNIT, BUILDING_LYCEUM, NO_DISTRICT, VALUE 56.0, Build City Building
30, 16, LOC_CITY_NAME_BABYLON, , CONTRACT 373, COMPLETED, NO_UNIT, BUILDING_MONUMENT, NO_DISTRICT, VALUE 82.3, Build City Building
30, 16, LOC_CITY_NAME_BABYLON, , , DISTRICT_CAMPUS, Build City District, CONTRACT 491
30, 17, LOC_CITY_NAME_GENEVA, , CONTRACT 599, COMPLETED, UNIT_ARCHER, NO_BUILDING, NO_DISTRICT, VALUE 83.0, Build City Building
30, 17, LOC_CITY_NAME_GENEVA, , , UNIT_BUILDER, Build City Improvement, CONTRACT 493
30, 19, LOC_CITY_NAME_LA_VENTA, , CONTRACT 673, SUBMITTED, NO_UNIT, BUILDING_GRANARY, NO_DISTRICT, VALUE 22.0, Build City Building
30, 21, LOC_CITY_NAME_ANTANANARIVO, , CONTRACT 674, SUBMITTED, UNIT_GALLEY, NO_BUILDING, NO_DISTRICT, VALUE 69.0, Build City Building
30, 24, LOC_CITY_NAME_KABUL, , CONTRACT 379, COMPLETED, NO_UNIT, BUILDING_MONUMENT, NO_DISTRICT, VALUE 82.3, Build City Building
30, 24, LOC_CITY_NAME_KABUL, , , UNIT_BUILDER, Build City Improvement, CONTRACT 503
31, 1, PURCHASE, , , UNIT_TRADER, Build Trigger Unit, CONTRACT 651
31, 1, LOC_CITY_NAME_KWILA, , , UNIT_BUILDER, Build City Improvement, CONTRACT 632
31, 3, LOC_CITY_NAME_MEROE, , CONTRACT 570, IN PROGRESS, UNIT_BUILDER, NO_BUILDING, NO_DISTRICT, VALUE 98.0, Build City Improvement
31, 3, LOC_CITY_NAME_MEROE, , , UNIT_NUBIAN_PITATI, Siege City Assault, CONTRACT 656
31, 3, LOC_CITY_NAME_KAWA, , CONTRACT 681, SUBMITTED, NO_UNIT, NO_BUILDING, DISTRICT_HOLY_SITE, VALUE 1064.0, Build City District
31, 4, LOC_CITY_NAME_ANGKOR_THOM, , , UNIT_TRADER, Default Specialization, , , Value 542.8
31, 5, LOC_CITY_NAME_BUDA, , , UNIT_ARCHER, Default Specialization, , , Value 8.2
31, 7, LOC_CITY_NAME_URUMQI, , , UNIT_QUADRIREME, Default Specialization, , , Value 284.8
31, 7, LOC_CITY_NAME_URUMQI, , CONTRACT 688, SUBMITTED, UNIT_QUADRIREME, NO_BUILDING, NO_DISTRICT, VALUE 181.0, Build City Building
31, 8, LOC_CITY_NAME_ROME, , , UNIT_CATAPULT, Siege City Assault, CONTRACT 666
31, 8, LOC_CITY_NAME_OSTIA, , CONTRACT 666, IN PROGRESS, UNIT_CATAPULT, NO_BUILDING, NO_DISTRICT, VALUE 804.0, Siege City Assault
31, 8, LOC_CITY_NAME_OSTIA, , , UNIT_GALLEY, Default Specialization, , , Value 167.0
31, 8, LOC_CITY_NAME_ROME, , CONTRACT 692, SUBMITTED, UNIT_BUILDER, NO_BUILDING, NO_DISTRICT, VALUE 84.0, Build City Improvement
31, 8, LOC_CITY_NAME_OSTIA, , CONTRACT 692, SUBMITTED, UNIT_BUILDER, NO_BUILDING, NO_DISTRICT, VALUE 84.0, Build City Improvement
31, 8, LOC_CITY_NAME_ROME, , CONTRACT 693, SUBMITTED, UNIT_BUILDER, NO_BUILDING, NO_DISTRICT, VALUE 46.0, Build City Improvement
31, 8, LOC_CITY_NAME_OSTIA, , CONTRACT 693, SUBMITTED, UNIT_BUILDER, NO_BUILDING, NO_DISTRICT, VALUE 46.0, Build City Improvement
31, 9, LOC_CITY_NAME_ERIDU, , , DISTRICT_CAMPUS, Build City District, CONTRACT 670
31, 9, LOC_CITY_NAME_URUK, , CONTRACT 695, SUBMITTED, UNIT_TRADER, NO_BUILDING, NO_DISTRICT, VALUE 45.0, Build Trigger Unit
31, 9, LOC_CITY_NAME_BAD_TIBIRA, , CONTRACT 695, SUBMITTED, UNIT_TRADER, NO_BUILDING, NO_DISTRICT, VALUE 45.0, Build Trigger Unit
31, 9, LOC_CITY_NAME_UR, , CONTRACT 695, SUBMITTED, UNIT_TRADER, NO_BUILDING, NO_DISTRICT, VALUE 45.0, Build Trigger Unit
31, 9, LOC_CITY_NAME_ERIDU, , CONTRACT 695, SUBMITTED, UNIT_TRADER, NO_BUILDING, NO_DISTRICT, VALUE 45.0, Build Trigger Unit
31, 12, LOC_CITY_NAME_BOLOGNA, , CONTRACT 559, COMPLETED, UNIT_BUILDER, NO_BUILDING, NO_DISTRICT, VALUE 34.0, Build City Improvement
31, 12, LOC_CITY_NAME_BOLOGNA, , , BUILDING_LYCEUM, Build City Building, CONTRACT 672
31, 14, LOC_CITY_NAME_BANDAR_BRUNEI, , CONTRACT 371, COMPLETED, NO_UNIT, BUILDING_MONUMENT, NO_DISTRICT, VALUE 82.3, Build City Building
31, 14, LOC_CITY_NAME_BANDAR_BRUNEI, , , UNIT_ARCHER, Default Specialization, , , Value 74.9
31, 15, LOC_CITY_NAME_VALLETTA, , CONTRACT 372, COMPLETED, NO_UNIT, BUILDING_MONUMENT, NO_DISTRICT, VALUE 82.3, Build City Building
31, 15, LOC_CITY_NAME_VALLETTA, , , UNIT_TRADER, Default Specialization, , , Value 153.4
31, 17, LOC_CITY_NAME_GENEVA, , CONTRACT 698, SUBMITTED, NO_UNIT, BUILDING_GRANARY, NO_DISTRICT, VALUE 51.0, Build City Building
31, 18, LOC_CITY_NAME_ANTIOCH, , CONTRACT 699, SUBMITTED, UNIT_BUILDER, NO_BUILDING, NO_DISTRICT, VALUE 89.0, Build City Improvement
31, 24, LOC_CITY_NAME_KABUL, , CONTRACT 701, SUBMITTED, NO_UNIT, BUILDING_GRANARY, NO_DISTRICT, VALUE 83.0, Build City Building
31, 25, LOC_CITY_NAME_ZANZIBAR, , CONTRACT 380, COMPLETED, NO_UNIT, BUILDING_MONUMENT, NO_DISTRICT, VALUE 82.3, Build City Building
31, 25, LOC_CITY_NAME_ZANZIBAR, , , UNIT_ARCHER, Default Specialization, , , Value 68.6
31, 31, LOC_CITY_NAME_BRUSSELS, , CONTRACT 383, COMPLETED, NO_UNIT, BUILDING_GRANARY, NO_DISTRICT, VALUE 134.3, Build City Building
31, 31, LOC_CITY_NAME_BRUSSELS, , , UNIT_TRADER, Default Specialization, , , Value 134.0
32, 1, LOC_CITY_NAME_MBUMBI, , CONTRACT 537, COMPLETED, UNIT_SETTLER, NO_BUILDING, NO_DISTRICT, VALUE 547.6, Settle City Op
32, 1, LOC_CITY_NAME_MBUMBI, , CONTRACT 632, CANCELLED, UNIT_BUILDER, NO_BUILDING, NO_DISTRICT, VALUE 52.0, Build City Improvement
32, 1, LOC_CITY_NAME_MBUMBI, , , UNIT_HEAVY_CHARIOT, Default Specialization, , , Value 46.7
32, 1, LOC_CITY_NAME_MBANZA_NSUNDI, , CONTRACT 632, CANCELLED, UNIT_BUILDER, NO_BUILDING, NO_DISTRICT, VALUE 52.0, Build City Improvement
32, 1, LOC_CITY_NAME_MBANZA_NSUNDI, , , UNIT_HEAVY_CHARIOT, Default Specialization, , , Value 45.5
32, 1, LOC_CITY_NAME_KWILA, , CONTRACT 632, CANCELLED, UNIT_BUILDER, NO_BUILDING, NO_DISTRICT, VALUE 52.0, Build City Improvement
32, 1, LOC_CITY_NAME_KWILA, , , UNIT_HEAVY_CHARIOT, Default Specialization, , , Value 33.2
32, 2, LOC_CITY_NAME_ISTANBUL, , , UNIT_BUILDER, Build City Improvement, CONTRACT 653
32, 2, LOC_CITY_NAME_HALEP, , CONTRACT 653, IN PROGRESS, UNIT_BUILDER, NO_BUILDING, NO_DISTRICT, VALUE 106.0, Build City Improvement
32, 2, LOC_CITY_NAME_HALEP, , , UNIT_HEAVY_CHARIOT, Default Specialization, , , Value 81.8
32, 4, PURCHASE, , , UNIT_TRADER, Build Trigger Unit, CONTRACT 683
32, 6, LOC_CITY_NAME_HEIDELBERG, , CONTRACT 522, COMPLETED, NO_UNIT, NO_BUILDING, DISTRICT_HOLY_SITE, VALUE 1144.9, Build City District
32, 6, LOC_CITY_NAME_HEIDELBERG, , CONTRACT 574, CANCELLED, UNIT_BUILDER, NO_BUILDING, NO_DISTRICT, VALUE 39.0, Build City Improvement
32, 6, LOC_CITY_NAME_HEIDELBERG, , , BUILDING_SHRINE, Default Specialization, , , Value 1129.7
32, 6, LOC_CITY_NAME_FRANKFURT, , CONTRACT 710, SUBMITTED, UNIT_QUADRIREME, NO_BUILDING, NO_DISTRICT, VALUE 247.0, Build Trigger Unit
32, 6, LOC_CITY_NAME_FRANKFURT, , CONTRACT 711, SUBMITTED, UNIT_GALLEY, NO_BUILDING, NO_DISTRICT, VALUE 436.0, Build City Building
32, 7, PURCHASE, , , UNIT_TRADER, Build Trigger Unit, CONTRACT 595
32, 7, LOC_CITY_NAME_AKSU, , CONTRACT 580, FAILED, UNIT_BUILDER, NO_BUILDING, NO_DISTRICT, VALUE 41.0, Build City Improvement
32, 7, LOC_CITY_NAME_AKSU, , CONTRACT 594, CANCELLED, UNIT_BUILDER, NO_BUILDING, NO_DISTRICT, VALUE 14.0, Build City Improvement
32, 7, LOC_CITY_NAME_AKSU, , CONTRACT 595, COMPLETED, UNIT_TRADER, NO_BUILDING, NO_DISTRICT, VALUE 37.0, Build Trigger Unit
32, 7, LOC_CITY_NAME_AKSU, , , UNIT_SCOUT, Default Specialization, , , Value 80.6
32, 7, LOC_CITY_NAME_QARAQOTO, , CONTRACT 714, SUBMITTED, NO_UNIT, BUILDING_LYCEUM, NO_DISTRICT, VALUE 115.0, Build City Building
32, 9, LOC_CITY_NAME_URUK, , , UNIT_SETTLER, Settle City Op, CONTRACT 667
32, 9, LOC_CITY_NAME_UR, , CONTRACT 597, COMPLETED, NO_UNIT, BUILDING_GRANARY, NO_DISTRICT, VALUE 187.0, Build City Building
32, 9, LOC_CITY_NAME_UR, , CONTRACT 667, IN PROGRESS, UNIT_SETTLER, NO_BUILDING, NO_DISTRICT, VALUE 603.0, Settle City Op
32, 9, LOC_CITY_NAME_UR, , , BUILDING_MONUMENT, Default Specialization, , , Value 135.5
32, 9, LOC_CITY_NAME_UR, , CONTRACT 717, SUBMITTED, NO_UNIT, NO_BUILDING, DISTRICT_CAMPUS, VALUE 455.0, Build City District
32, 10, LOC_CITY_NAME_MEXICO_CITY, , , BUILDING_GRANARY, Build City Building, CONTRACT 671
32, 13, LOC_CITY_NAME_AKKAD, , CONTRACT 370, COMPLETED, NO_UNIT, BUILDING_MONUMENT, NO_DISTRICT, VALUE 82.3, Build City Building
32, 13, LOC_CITY_NAME_AKKAD, , , BUILDING_GRANARY, Default Specialization, , , Value 201.0
32, 14, LOC_CITY_NAME_BANDAR_BRUNEI, , CONTRACT 721, SUBMITTED, UNIT_BUILDER, NO_BUILDING, NO_DISTRICT, VALUE 40.0, Build City Improvement
32, 14, LOC_CITY_NAME_BANDAR_BRUNEI, , CONTRACT 723, SUBMITTED, UNIT_ARCHER, NO_BUILDING, NO_DISTRICT, VALUE 74.0, Build City Building
32, 15, LOC_CITY_NAME_VALLETTA, , CONTRACT 724, SUBMITTED, UNIT_BUILDER, NO_BUILDING, NO_DISTRICT, VALUE 45.0, Build City Improvement
32, 16, LOC_CITY_NAME_BABYLON, , CONTRACT 728, SUBMITTED, UNIT_ARCHER, NO_BUILDING, NO_DISTRICT, VALUE 53.0, Build City Building
32, 18, LOC_CITY_NAME_ANTIOCH, , CONTRACT 616, COMPLETED, UNIT_ARCHER, NO_BUILDING, NO_DISTRICT, VALUE 73.0, Build City Building
32, 18, LOC_CITY_NAME_ANTIOCH, , , UNIT_BUILDER, Build City Improvement, CONTRACT 699
32, 21, LOC_CITY_NAME_ANTANANARIVO, , CONTRACT 731, SUBMITTED, UNIT_BUILDER, NO_BUILDING, NO_DISTRICT, VALUE 45.0, Build City Improvement
32, 22, LOC_CITY_NAME_VILNIUS, , CONTRACT 378, COMPLETED, NO_UNIT, BUILDING_GRANARY, NO_DISTRICT, VALUE 138.1, Build City Building
32, 22, LOC_CITY_NAME_VILNIUS, , , UNIT_TRADER, Default Specialization, , , Value 317.0
32, 22, LOC_CITY_NAME_VILNIUS, , CONTRACT 734, SUBMITTED, UNIT_BUILDER, NO_BUILDING, NO_DISTRICT, VALUE 70.0, Build City Improvement
32, 25, LOC_CITY_NAME_ZANZIBAR, , CONTRACT 739, SUBMITTED, NO_UNIT, BUILDING_GRANARY, NO_DISTRICT, VALUE 31.0, Build City Building
32, 27, PURCHASE, , , UNIT_GALLEY, Build City Building, CONTRACT 617
32, 28, LOC_CITY_NAME_KANDY, , CONTRACT 742, SUBMITTED, UNIT_BUILDER, NO_BUILDING, NO_DISTRICT, VALUE 53.0, Build City Improvement
32, 31, LOC_CITY_NAME_BRUSSELS, , CONTRACT 746, SUBMITTED, UNIT_BUILDER, NO_BUILDING, NO_DISTRICT, VALUE 72.0, Build City Improvement
32, 31, LOC_CITY_NAME_BRUSSELS, , CONTRACT 747, SUBMITTED, UNIT_ARCHER, NO_BUILDING, NO_DISTRICT, VALUE 60.0, Build City Building
